sample_id,source,original_index,text,true_label,true_label_name,pred_label,pred_label_name,target_class,target_class_name,outcome,neg_prob,pos_prob,confidence,original_len,tokens
test_22264,test,22264,욕을 바가지고 퍼먹어도 모잘라 호수로 먹는다,0,negative,0,negative,0,negative,TN,0.5187839865684509,0.48121607303619385,0.5187839865684509,10,욕 을 바가지 고 퍼먹어 모 자르다 호수 로 먹다
test_15543,test,15543,빡빡이 빼고 연기 잘하네 ㄷㄷ 코끼리 연기쩌러,1,positive,0,negative,0,negative,FN,0.5348660945892334,0.4651338458061218,0.5348660945892334,7,빡빡이 빼다 연기 ㄷㄷ 코끼리 연기 쩌러
test_30048,test,30048,이게 뭐야? 질질 끌다가 황급히 종영한 듯한 삼류 드라마 같은 전개는?,0,negative,0,negative,0,negative,TN,0.9837669134140015,0.01623314619064331,0.9837669134140015,15,게 뭐 야 ? 질질 끄다 황 급하다 종영 듯 삼류 드라마 같다 전개 ?
test_43365,test,43365,엥 이여자 자기국민 죽여달라고 외국군인 불여들인 여자아님?,0,negative,0,negative,0,negative,TN,0.6734251379966736,0.3265748620033264,0.6734251379966736,16,엥 여자 자기 국민 죽이다 달라 고 외국 군인 불 여 들이다 여 자아 님 ?
test_36983,test,36983,"중반부부터 결말이 보이는 스토리, But CG의 화려함이나 코믹한 요소는 전작과 동일",1,positive,0,negative,0,negative,FN,0.7904949188232422,0.20950505137443542,0.7904949188232422,14,"중반 부 부터 결말 보이다 스토리 , But CG 화려하다 코믹 요소 전작 동일"
test_31700,test,31700,인류에게 그 무거운 영화를 내보인 그들이 써비스로 주는 제대로 즐거운 영화,1,positive,1,positive,1,positive,TP,0.031279221177101135,0.9687208533287048,0.9687208533287048,13,인류 에게 그 무겁다 영화 내보이다 그 써비스 로 주다 제대로 즐겁다 영화
test_4856,test,4856,오유에서 왔어요!,0,negative,0,negative,0,negative,TN,0.8597787618637085,0.14022120833396912,0.8597787618637085,4,오유 에서 오다 !
test_7850,test,7850,프랑스 영화만의 깨알같은 코미디와 매력.,1,positive,1,positive,1,positive,TP,0.023309916257858276,0.9766901135444641,0.9766901135444641,8,프랑스 영화 만의 깨알 같다 코미디 매력 .
test_11908,test,11908,웬만하면안쓰려고했는데 봉준호감독 감많이 떨어졌다 ㅋ,0,negative,0,negative,0,negative,TN,0.7616277933120728,0.23837222158908844,0.7616277933120728,8,웬만하다 쓰다 봉준호 감독 감 많이 떨어지다 ㅋ
test_34941,test,34941,제시가 불쌍하다.. 근데 이거 책이랑 많이 다르다... 책이 오리지날인데,1,positive,0,negative,0,negative,FN,0.5546417832374573,0.4453582167625427,0.5546417832374573,13,제시 불쌍하다 .. 근데 거 책 이랑 많이 다르다 ... 책 오리 지나다
test_23264,test,23264,음식가지고 장난치는 년놈들은 사지를 찢어 본보기로 삼아야한다,0,negative,0,negative,0,negative,TN,0.9556350111961365,0.04436503350734711,0.9556350111961365,12,음식 가지 고 장난 치다 년놈 사지 찢다 본보기 로 삼다 야하다
test_7707,test,7707,비추~ 보면후회 쓰레기,0,negative,0,negative,0,negative,TN,0.9916834831237793,0.00831648986786604,0.9916834831237793,5,비추다 ~ 보다 후회 쓰레기
test_3509,test,3509,존.나 재미없다.,0,negative,0,negative,0,negative,TN,0.995613694190979,0.004386312328279018,0.995613694190979,5,존 . 나 재미없다 .
test_4154,test,4154,애슐리 쥬드의 우아한 매력 .,0,negative,1,positive,1,positive,FP,0.3354916274547577,0.6645082831382751,0.6645082831382751,5,애슐리 쥬드 우아하다 매력 .
test_26892,test,26892,주말에 온가족이 함께 봤습니다 ㅎ ㅎ 볼거리 많고 재미있어요. 엘르패닝 어릴때 모습 신선하고 좋았네요 ㅎ,1,positive,1,positive,1,positive,TP,0.0005560746067203581,0.9994439482688904,0.9994439482688904,19,주말 온 가족 함께 보다 ㅎ ㅎ 볼거리 많다 재미있다 . 엘르 패닝 어리다 때 모습 신선하다 좋다 ㅎ
test_30826,test,30826,결말 되게맘에든다 남자가 여자에게 끝내 못닿고 여자와 같은 길을 것이라는 결말... 생각할게 많은 영화였음!,1,positive,1,positive,1,positive,TP,0.10747244209051132,0.8925275802612305,0.8925275802612305,24,결말 되게 맘 에든 다 남자 여자 에게 끝내 못 닿다 여자 같다 길 을 것 이라는 결말 ... 생각 많다 영화 이다 !
test_38462,test,38462,평점만 보고 봤는데 대실망..!!!도대체 어느부분이 재미있는지 이해불가 -_-;뭐 사운드는 나름 괜찮았지만...진부한 스토리에 기타등등...잘나가는 OVA 보다 수준이 떨어짐차라리 반딧불의 숲으로를 재탕하겠음... -_-결론:보지마삼!,0,negative,0,negative,0,negative,TN,0.9878041744232178,0.012195833958685398,0.9878041744232178,30,평점 만 보고 보다 대 실망 ..!!! 도대체 어느 부분 재미있다 이해 불가 -_-; 뭐 사운드 나름 괜찮다 ... 진부하다 스토리 기타등등 ... 잘나가다 OVA 보다 수준 떨어지다 차라리 반딧불
test_29846,test,29846,케빈 코스트너가 다 망해가고 있다는 증거가 되는 작품,0,negative,0,negative,0,negative,TN,0.5554476380348206,0.44455239176750183,0.5554476380348206,9,케빈 코스트 너 다 망하다 있다 증거 되다 작품
test_3277,test,3277,"이요원, 연기자란 타이틀 다는게 창피하지 싶은데",0,negative,0,negative,0,negative,TN,0.850205659866333,0.14979428052902222,0.850205659866333,8,"이요원 , 연기자 란 타이틀 달다 창피하다 싶다"
test_27442,test,27442,인셉션 친구 ㅋㅋㅋㅋㅋㅋㅋ,0,negative,1,positive,1,positive,FP,0.23881475627422333,0.7611852884292603,0.7611852884292603,3,인셉션 친구 ㅋㅋㅋㅋㅋㅋㅋ
test_22181,test,22181,공포영화의 오랜공식 답습.. 여행-고립-한명씩die.. 전혀 공포스럽지도.. 진부한 내용.. 진짜.. 허접쓰레기 영화.. 마지막 여자 생존의 진부한 결말은 아닌게.. 그나마,0,negative,0,negative,0,negative,TN,0.9786869883537292,0.02131296694278717,0.9786869883537292,30,공포영화 오랜 공식 답습 .. 여행 - 고립 - 명 씩 die .. 전혀 공포 스럽지도 .. 진부하다 내용 .. 진짜 .. 허다 접 쓰레기 영화 .. 마지막 여자 생존
test_47517,test,47517,그렇겠지,1,positive,0,negative,0,negative,FN,0.67615807056427,0.3238418400287628,0.67615807056427,1,그렇다
test_7532,test,7532,닭이 먼저일까 계란이 먼저일까 ...,1,positive,1,positive,1,positive,TP,0.06159113720059395,0.9384089112281799,0.9384089112281799,7,닭 먼저 이다 계란 먼저 이다 ...
test_43081,test,43081,"억지연결전개등등 밑의 댓글들말 틀린거 하나없음,",0,negative,0,negative,0,negative,TN,0.8677127957344055,0.1322871893644333,0.8677127957344055,13,"억 지 연 결전 개 등등 밑 댓글 말 틀리다 하나 없다 ,"
test_47314,test,47314,론 하워드의 불..가능성을 보여준 영화..,0,negative,0,negative,0,negative,TN,0.6514294147491455,0.3485705852508545,0.6514294147491455,9,론 하워드 불 .. 가능성 을 보여주다 영화 ..
test_44361,test,44361,당시에 '천사의 미소'로 방송되었던 재밌게 봤었다.,1,positive,1,positive,1,positive,TP,0.009013445116579533,0.9909865260124207,0.9909865260124207,11,당시 ' 천사 미소 ' 로 방송 되어다 재밌다 보다 .
test_46774,test,46774,전 보고 또보고 살짝 귄태기 느낄때마다 이 영화 보고싶은 사랑하고 싶고 그 느낌이 밀려오는 진짜 정우성에 어울리는 딱 이 남자의 영화입니다.고원원도 너무 사랑스러운 ... 오늘도 갑자기 보고싶어 검색하다 평점 올립니다. 저에겐 10입니다. 저에겐,1,positive,1,positive,1,positive,TP,0.030642231926321983,0.9693577885627747,0.9693577885627747,30,전 보고 또 보고 살짝 귄 태기 느끼다 때 마다 영화 보다 사랑 하고 싶다 그 느낌 밀려오다 진짜 정우성 어울리다 딱 남자 영화 이다 . 고원 원 너무 사랑스럽다
test_42919,test,42919,문근영의 탄생,1,positive,1,positive,1,positive,TP,0.48434552550315857,0.5156545042991638,0.5156545042991638,2,문근영 탄생
test_22797,test,22797,전투방식이 지금봐도 신선한게....무술처럼 공격과 방어의 기본 틀을 기준으로 손으로 쏘는 레이저가 주 공격이고 그걸 팔로 막아내는 식의 공방이 펼쳐진다..이런 방식은 지금 생각해봐도 상당히 독보적이다이런 전투 방식은 우뢰매가 유일하다,1,positive,0,negative,0,negative,FN,0.7718132138252258,0.22818677127361298,0.7718132138252258,30,전투 방식 지금 보다 신선하다 .... 무술 처럼 공격 방어 기본 틀 을 기준 손 쏘다 레이저 주 공격 이고 그걸 팔로 막다 식 공 방이 펼쳐지다 .. 이렇다 방식
test_5886,test,5886,결말이좀.....,1,positive,0,negative,0,negative,FN,0.8031530976295471,0.1968468725681305,0.8031530976295471,2,결말 .....
test_24776,test,24776,아나 왜 미군 의도대로는 다되고 독일군 의도되론 안됨?아주 말도 안된다 어이없음,0,negative,0,negative,0,negative,TN,0.991655707359314,0.008344320580363274,0.991655707359314,18,아 나 왜 미군 의도 대로는 다 되다 독일군 의도 되다 론 안되다 ? 아주 말 안되다 어이없다
test_35629,test,35629,배우들의 연기력은 너무 오버하거나 어색하고 보는 내내 타짜가 생각난다. 중간중간 무슨법칙 하면서 글자 나오고 고스톱중에 호들갑 떨면서 주의 산만시키는 방법등 타짜에서 나오는 장면이 너무 많음.,0,negative,0,negative,0,negative,TN,0.9750969409942627,0.024903016164898872,0.9750969409942627,30,배우 연기력 너무 오버 하 거나 어색하다 보다 내내 타짜 생각나다 . 중간 중간 무슨 법칙 글자 나오다 고스톱 중 호들갑 떨다 주의 산만 시키다 방법 등 타짜 에서 나오다
test_45314,test,45314,와 리뷰가 1개밖에 없냐 테러할 수 있는 절호의 기회다,0,negative,1,positive,1,positive,FP,0.4753991365432739,0.5246008634567261,0.5246008634567261,12,오다 리뷰 1 개 밖에 없다 테러 수 있다 절호 기회 다
test_29468,test,29468,글쎄...데이빗린치가 뛰어난 감독이라는데는 동의하지만...이건 아니다,0,negative,0,negative,0,negative,TN,0.9013494849205017,0.09865054488182068,0.9013494849205017,13,글쎄 ... 데이빗 린치 뛰어나다 감독 이르다 동의 하 지만 ... 이건 아니다
test_2800,test,2800,어렸을 때 봤는데 지금까지 액션영화 보고 재밌다고 생각한 건 이게 처음이었다!,1,positive,1,positive,1,positive,TP,0.08236329257488251,0.9176366925239563,0.9176366925239563,14,어리다 때 보다 지금 까지 액션영화 보고 재밌다 생각 건 게 처음 이다 !
test_24715,test,24715,감독 상어성애자냐?...,0,negative,0,negative,0,negative,TN,0.9958834052085876,0.004116594325751066,0.9958834052085876,5,감독 상어 성애자 냐 ?...
test_17099,test,17099,"모녀지간의 사랑을 느낄수있는., 마음 따듯해지는 영화..",1,positive,1,positive,1,positive,TP,0.03105076774954796,0.9689491987228394,0.9689491987228394,12,"모녀 지 간의 사랑 을 느끼다 ., 마음 따다 해지 영화 .."
test_35019,test,35019,재미도 없고 감동도 없는. 클리셰 투성이인데다 그나마 클리셰조차 적절하게 활용하지 못하는 졸작 영화. 장점이라곤 찾아볼래야 찾아볼 수 없는 영화. 이 영화의 평점이 8.86이라니 잘못됐어도 한참 잘못됐어요. 그래서 안쓰던 평가까지 남깁니다,0,negative,0,negative,0,negative,TN,0.9997077584266663,0.00029226005426608026,0.9997077584266663,30,재미 없다 감동 없다 . 클리셰 투성이 인데 다 그나마 클리셰 조차 적절하다 활용 못 졸작 영화 . 장점 이라곤 찾아보다 래야 찾아보다 수 없다 영화 . 영화 평점 8.86
test_27855,test,27855,전쟁영화는 그냥 좀 만들어라 이상한 스캔들넣지말고,0,negative,0,negative,0,negative,TN,0.8480752110481262,0.15192477405071259,0.8480752110481262,6,전쟁영화 그냥 만들다 이상하다 스캔들 넣다
test_6727,test,6727,자신의 부끄러운 역사를 이리 담담하게 돌아볼 수 있는 독일인의 성숙된 역사의식이 일본과 비교된다. 그러네 어디서 개봉한 거요?,1,positive,1,positive,1,positive,TP,0.054812993854284286,0.945186972618103,0.945186972618103,23,자신 부끄럽다 역사 이리 담담하다 돌아보다 수 있다 독일인 성숙 되다 역사 의식 일본 비교 되다 . 그렇다 어디서 개봉 거 요 ?
test_3014,test,3014,이건 뭐가 크게 잘못되었군!,0,negative,0,negative,0,negative,TN,0.7683920860290527,0.23160789906978607,0.7683920860290527,6,이건 뭐 크게 못 되어다 !
test_33350,test,33350,장진의 모든것이 녹아있는 영화.,1,positive,1,positive,1,positive,TP,0.17957942187786102,0.8204206228256226,0.8204206228256226,6,장진 모든 것 녹다 영화 .
test_7374,test,7374,감독님 직업을 바꾸시는게,0,negative,0,negative,0,negative,TN,0.6685922741889954,0.331407755613327,0.6685922741889954,5,감독 님 직업 을 바꾸다
test_3783,test,3783,후 이제야개봉이군 마지막 내숨이가빠옴 빌리크루덥연기짱 좋은영화,1,positive,1,positive,1,positive,TP,0.03757265955209732,0.9624273180961609,0.9624273180961609,15,후 이제야 개봉 이군 마지막 내 숨 빠옴 빌리다 크루 덥다 연기 짱 좋다 영화
test_6403,test,6403,"""김진숙 씨 말이 오래 기억에 남는다. """"급소를 1cm만 비껴가도 산다. 10초의 시간 차로 삶과 죽음이 엇갈린다."""" 내가 헛되이 산 오늘을 꾸짖듯 삶의 준엄함을 일깨웠다.""",1,positive,1,positive,1,positive,TP,0.2555563747882843,0.7444435954093933,0.7444435954093933,30,""" 김진숙 씨 말 오래 기억 남다 . """" 급소 1 cm 만 비 끼다 산다 . 10초 시간 차로 삶 죽음 엇갈리다 ."""" 내 헛되이 산 오늘 을 꾸짖다"
test_4789,test,4789,아바타 저리가라임.나 볼때 사람들 다 소리치고 박수쳣음. 핑크는 진짜 깜찍함.,1,positive,1,positive,1,positive,TP,0.02955915965139866,0.9704408645629883,0.9704408645629883,17,아바타 저리 라임 . 나 볼때 사람 다 소리 치고 박수 쳣음 . 핑크 진짜 깜찍하다 .
test_30169,test,30169,볼만은 하네,0,negative,1,positive,1,positive,FP,0.1469613015651703,0.8530387282371521,0.8530387282371521,2,볼 만은
test_44891,test,44891,영화로는 만들지 말았어야..,0,negative,0,negative,0,negative,TN,0.9608922004699707,0.03910781070590019,0.9608922004699707,5,영화 로는 만들다 말다 ..
test_21257,test,21257,역시 대단하네요 - KBS 대한민국 공영방송의 힘 -,1,positive,1,positive,1,positive,TP,0.06983033567667007,0.9301697015762329,0.9301697015762329,10,역시 대단하다 - KBS 대한민국 공 영 방송 힘 -
test_49149,test,49149,정말 재밌고 감동깊은 영화다.박세영과 강인 두분 참 잘어울리고 연기실력도 매우 뛰어나요.보는 내내 지루함 없고 정말 착한영화였다.,1,positive,1,positive,1,positive,TP,0.022455183789134026,0.9775447845458984,0.9775447845458984,28,정말 재밌다 감동 깊다 영화 다 . 박세영 강인 두 분 차다 어울리다 연 기 실력 매우 뛰어나다 . 보다 내내 지루함 없다 정말 착하다 영화 이다 .
test_28405,test,28405,이재용감독의발연기bbb,1,positive,0,negative,0,negative,FN,0.98159259557724,0.018407335504889488,0.98159259557724,4,이재용 감독 발연기 bbb
test_7444,test,7444,"감독이 전하는 메시지는 좋았으나... 주인공 남, 여 빼고 외 남자 3명이 받쳐줘야하는 부분에서 연기력이나 행동들이 너무 성의없이 보였다.. 1인4역보다 1인 다역을 하는게 평점은 더 좋지 않았을까? 평점은 남여각각 3점 감독3점 남자3명 -2점",0,negative,0,negative,0,negative,TN,0.8283560872077942,0.17164389789104462,0.8283560872077942,30,"감독 전하 메시지 좋다 ... 주인공 남 , 여 빼다 외 남자 3 명 받치다 야하다 부분 에서 연기력 이나 행동 너무 성의 없이 보이다 .. 1 인 4 역"
test_23193,test,23193,무슨 인도영화도 아니고 노래만 쳐나오고 유치하기 짝이없다 내 시간만 낭비하고 이게 왜 8점이 넘는지 도저히 이해불가,0,negative,0,negative,0,negative,TN,0.998722493648529,0.0012775127543136477,0.998722493648529,22,무슨 인도영화 아니다 노래 만 치다 나오다 유치하다 짝 없다 내 시간 만 낭비하다 게 왜 8 점 넘다 도저히 이해 불가
test_40784,test,40784,너무 재미있게 잘봤어요!!!!,1,positive,1,positive,1,positive,TP,0.005090821534395218,0.9949092268943787,0.9949092268943787,4,너무 재미있다 보다 !!!!
test_22386,test,22386,"로보캅보다 6년이나 뒤에 만들어졌는데.. 완전 개판. 아주 공식에 충실한 영화. 결국 백인 남녀한쌍만 살아남네. 그리고 막판에 막장이야. 상어에다가.. 아주,. 잘 한다.",0,negative,0,negative,0,negative,TN,0.9866209030151367,0.013379102572798729,0.9866209030151367,30,로보캅 보다 6년 이나 뒤 만들어지다 .. 완전 개판 . 아주 공식 충실하다 영화 . 결국 백인 남녀 쌍 만 살아나다 . 그리고 막판 막장 이야 . 상어 에다가 ..
test_23773,test,23773,어차피 반전예상은 절대 못할거니까 걍 맘편하게 보셈,1,positive,1,positive,1,positive,TP,0.06803136318922043,0.9319686889648438,0.9319686889648438,9,어차피 반 전예 상 절대 못 맘 편하다 보다
test_44649,test,44649,완전 시간 낭비네 평점에 낚였당 알바님들 넘 싫어,0,negative,0,negative,0,negative,TN,0.9919929504394531,0.008006976917386055,0.9919929504394531,11,완전 시간 낭비 네 평점 낚였당 알바 님 들다 넘다 싫다
test_45537,test,45537,오랜만에 좋은 영화 봤음.. 연기 참 좋네요,1,positive,1,positive,1,positive,TP,0.04792826250195503,0.9520717263221741,0.9520717263221741,9,오랜 만 좋다 영화 보다 .. 연기 차다 좋다
test_23924,test,23924,아주조아요,1,positive,1,positive,1,positive,TP,0.10250198841094971,0.8974980115890503,0.8974980115890503,2,아주 좋다
test_8318,test,8318,귀여운 야오미 애들이좋아행‥,1,positive,1,positive,1,positive,TP,0.04139987379312515,0.9586001038551331,0.9586001038551331,7,귀엽다 야오 밉다 애 좋다 행 ‥
test_5704,test,5704,이제 봤는데 너무 재밌네요 11한명 다 매력있고 호감임 호주 다니엘도 빨리 돌아왔음 좋겠고 mc분들만 조금 입조심 해주시면 더 좋을 것 같아요,1,positive,1,positive,1,positive,TP,0.007818632759153843,0.9921814203262329,0.9921814203262329,28,이제 보다 너무 재밌다 11 명 다 매력 있다 호감 임 호주 다니엘 빨리 돌아오다 좋다 mc 분 만 조금 입 조심 해주시 면 더 좋다 것 같다
test_29975,test,29975,스티븐시걸 무술 멋지다..ㅋㅋㅋ,1,positive,1,positive,1,positive,TP,0.19544173777103424,0.8045582175254822,0.8045582175254822,5,스티븐시걸 무술 멋지다 .. ㅋㅋㅋ
test_34545,test,34545,스토리는 억지로 진행하며 각 인물의 행동 개연성이 떨어지며 공포영화임에도 무섭기보단 황당하고 역겨운 연출이많아 보기힘들었습니다 각 배우들의 연기또한 미흡하여 총체적난국이였습니다 중소기업청은 보다 세심한 분류작업을통해 더 좋은작품에 투자지원해줘야합니다,0,negative,0,negative,0,negative,TN,0.9861738681793213,0.013826095499098301,0.9861738681793213,30,스토리 억지로 진행 각 인물 행동 개연 성 떨어지다 공포영화 임 에도 무섭다 기 보단 황당하다 역겹다 연출 많다 보기 힘들다 각 배우 연기 또한 미흡하다 총 체적 난국 이다
test_20755,test,20755,짱이야ㅠㅜㅠㅜ머시이서ㅏㅇ숴ㅏㅜㅠㅜ,1,positive,1,positive,1,positive,TP,0.2489028126001358,0.7510972023010254,0.7510972023010254,8,짱 이야 ㅠㅜㅠㅜ 머시 이서 ㅏㅇ 숴 ㅏㅜㅠㅜ
test_43341,test,43341,어설픈액션과비행시뮬의느낌이 영-_-국내흥행못한작품,0,negative,0,negative,0,negative,TN,0.8611507415771484,0.13884922862052917,0.8611507415771484,12,어설프다 액션 비행 시 뮬 느낌 영 -_- 국내 흥행 못 작품
test_14193,test,14193,쓰레기 중에 쓸레기 허접 쓰레기보다 더 쓰레기 애니~~,0,negative,0,negative,0,negative,TN,0.9979010820388794,0.0020989279728382826,0.9979010820388794,11,쓰레기 중 쓸레기 허다 접 쓰레기 보다 더 쓰레기 애니 ~~
test_44132,test,44132,마니마니마ㅁ니마니마니나ㅣ,1,positive,1,positive,1,positive,TP,0.4581816494464874,0.541818380355835,0.541818380355835,7,마니마니 마 ㅁ 니 마니마니 나 ㅣ
test_8264,test,8264,이런 영화가 진정한 영화다,1,positive,1,positive,1,positive,TP,0.1303747594356537,0.8696252703666687,0.8696252703666687,5,이렇다 영화 진정하다 영화 다
test_17166,test,17166,"장르가 공포 영화나, 내용에 반전과 비애가 있다. 공포 영화에 손수건이 필요할듯!",1,positive,1,positive,1,positive,TP,0.05396578088402748,0.9460341930389404,0.9460341930389404,15,"장르 공포 영화 나 , 내용 반전 비애 있다 . 공포 영화 손수건 필요하다 !"
test_33834,test,33834,휴...찹찹하네..,1,positive,0,negative,0,negative,FN,0.8108777403831482,0.18912222981452942,0.8108777403831482,4,휴 ... 찹찹하다 ..
test_13764,test,13764,이건 인간적으로 재미없다,0,negative,0,negative,0,negative,TN,0.966234564781189,0.03376545011997223,0.966234564781189,4,이건 인간 적 재미없다
test_1121,test,1121,진짜 전문성우 개불쌍하다,0,negative,0,negative,0,negative,TN,0.9793096780776978,0.02069033309817314,0.9793096780776978,5,진짜 전 문성우 개 불쌍하다
test_12155,test,12155,서민적이고 소박하지만 크게 스토리가 탄탄하지 않는..,0,negative,1,positive,1,positive,FP,0.08526507019996643,0.914734959602356,0.914734959602356,9,서민 적 이고 소박하다 크게 스토리 탄탄하다 않다 ..
test_34891,test,34891,공영방송에서 이러면안데죠.,0,negative,0,negative,0,negative,TN,0.8646543025970459,0.1353456974029541,0.8646543025970459,6,공 영 방송 에서 이르다 .
test_32471,test,32471,긴장감 자체는 괺찮았지만. 캐릭터들이 너무 찌질하다. 그 복수하는 과정과 이유도.,0,negative,1,positive,1,positive,FP,0.27102482318878174,0.7289751768112183,0.7289751768112183,14,긴장감 자체 괺찮았 지만 . 캐릭터 너무 찌질하다 . 그 복수 과정 이유 .
test_33209,test,33209,기억나는건 재미없다라는것뿐.,0,negative,0,negative,0,negative,TN,0.9686925411224365,0.03130747750401497,0.9686925411224365,5,기억나다 재미없다 것 뿐 .
test_31279,test,31279,연기가 너무 좋아요!,1,positive,1,positive,1,positive,TP,0.018982835114002228,0.9810171723365784,0.9810171723365784,4,연기 너무 좋다 !
test_22499,test,22499,끊어오르는 청춘들의 농익은 육체적 열망을 그린 영화.,0,negative,0,negative,0,negative,TN,0.7746142148971558,0.22538578510284424,0.7746142148971558,12,끊다 오르다 청춘 농 익다 육체 적 열망 을 그린 영화 .
test_47056,test,47056,슬푸당...,1,positive,0,negative,0,negative,FN,0.581338107585907,0.41866183280944824,0.581338107585907,2,슬푸당 ...
test_32804,test,32804,멋지ㅤㄴㅔㅋ,0,negative,0,negative,0,negative,TN,0.5365885496139526,0.46341148018836975,0.5365885496139526,3,멋지다 ㅤ ㄴㅔㅋ
test_33807,test,33807,독도라는 배경이 좋다,1,positive,1,positive,1,positive,TP,0.3483780324459076,0.6516220569610596,0.6516220569610596,4,독도 라는 배경 좋다
test_1570,test,1570,"소재만 신비롭지...영상, 내용 그리고 배경음악 등이 왜이리도 촌스럽고 허접하게만 보이고 느껴지던지...",0,negative,0,negative,0,negative,TN,0.9757827520370483,0.024217311292886734,0.9757827520370483,19,"소재 만 신비롭다 ... 영상 , 내용 그리고 배경음악 등 왜 리도 촌스럽다 허다 접다 보이 고 느껴지다 ..."
test_31981,test,31981,"내 친구의 사생활만 까는 이야기는 아니라서 좋았다, 역시 여자는 성공을 해야한다!!!",1,positive,1,positive,1,positive,TP,0.4415383040904999,0.5584617257118225,0.5584617257118225,14,"내 친구 사생활 만 깔다 이야기 아니다 좋다 , 역시 여자 성공 을 !!!"
test_48790,test,48790,너무재미있어요,1,positive,1,positive,1,positive,TP,0.017408879473805428,0.9825910925865173,0.9825910925865173,2,너무 재미있다
test_48725,test,48725,재밌ㄷ ㅏ 그냥심심할때볾ㄴ함,1,positive,1,positive,1,positive,TP,0.3375832438468933,0.6624168157577515,0.6624168157577515,8,재밌다 ㄷ ㅏ 그냥 심심하다 때볾 ㄴ 함
test_1594,test,1594,솔직히 중간까지 괜찮았는데 마지막 부분에서 패리스 힐튼과 조엘 무어가 결합 안해서 어이가 없었다,0,negative,0,negative,0,negative,TN,0.9986459612846375,0.001354019157588482,0.9986459612846375,16,솔직하다 중간 까지 괜찮다 마지막 부분 에서 패리스 힐튼 조엘 무어 결합 안해 서 어이 없다
test_4993,test,4993,두말할 나위없이 내 인생 사상 최악의 영화. 평점0점은 왜 없는것인가?,0,negative,0,negative,0,negative,TN,0.9982309937477112,0.0017690083477646112,0.9982309937477112,16,두 말 나위 없이 내 인생 사상 최악 영화 . 평점 0 점 왜 없다 ?
test_32970,test,32970,지진희씨의 출연이 생각보다 많지 않아서..,1,positive,0,negative,0,negative,FN,0.516888439655304,0.48311159014701843,0.516888439655304,8,지진희 씨 출연 생각 보다 많다 않다 ..
test_16119,test,16119,우왕좌왕해 영화가..,0,negative,0,negative,0,negative,TN,0.9374837279319763,0.06251630187034607,0.9374837279319763,3,우왕좌왕 영화 ..
test_14675,test,14675,아토스의 말대로 루이는 냉기가 서렸고 필립은 선했다. 디카프리오는 진짜 연기신인듯,1,positive,1,positive,1,positive,TP,0.22919480502605438,0.7708051800727844,0.7708051800727844,14,아토스 말 대로 루이 냉기 서리다 필립 선하다 . 디카프리오 진짜 연기 신인 듯
test_31750,test,31750,영 ㅋ,0,negative,0,negative,0,negative,TN,0.5437179207801819,0.4562821090221405,0.5437179207801819,2,영 ㅋ
test_35385,test,35385,"테러 영화 중 단연 최고. 에어 포스 원,트루라이즈는 쩌리 가라염, 1이 더 재밌다는 사람이 많지만 3는 진짜 명작이다. 난 3가 최고다 3를 봐라 1보다 짱이다 나카토미보다 더 높고 비행기보다 더빠른 액션이다",1,positive,1,positive,1,positive,TP,0.01090033259242773,0.9890996813774109,0.9890996813774109,30,"테러 영화 중 단연 최고 . 에어 포스 원 , 트루라이즈 쩌리 가라 염 , 1 더 재밌다 사람 많다 3 늘다 진짜 명작 이다 . 난 3 가다 최고다"
test_21858,test,21858,정말 재밌습니다.ㅋㅋ,1,positive,1,positive,1,positive,TP,0.003956723026931286,0.99604332447052,0.99604332447052,4,정말 재밌다 . ㅋㅋ
test_32716,test,32716,극불호였던 수면의 과학과 극호였던 이터널 선샤인을 조물조물 버무려놓은듯 했음.. 표현력 진짜 좋다,1,positive,0,negative,0,negative,FN,0.5214470028877258,0.4785529375076294,0.5214470028877258,20,극 불호 이다 수면 과학 극 호 이다 터널 선샤인 을 조물조물 버 무리다 듯 .. 표현 력 진짜 좋다
test_33347,test,33347,비디오테이프 빌려보던시절 주인도 보면 실망할거라고 안빌려주려고 애쓰던 영화,0,negative,0,negative,0,negative,TN,0.9844602942466736,0.01553973089903593,0.9844602942466736,11,비디오테이프 빌리다 보다 시절 주인 보다 실망하다 안 빌리다 애쓰다 영화
test_19249,test,19249,정말 다시 보고 싶은 영화..ㅠ.ㅠ,1,positive,1,positive,1,positive,TP,0.04188956320285797,0.958110511302948,0.958110511302948,9,정말 다시 보고 싶다 영화 .. ㅠ . ㅠ
test_24155,test,24155,혹성탈출 시리즈 3편 나오는줄 알고 눌렀는데 낚임ㅡㅡ,0,negative,0,negative,0,negative,TN,0.9853942394256592,0.01460578478872776,0.9853942394256592,10,혹성탈출 시리즈 3 편 나오다 알 고 누르다 낚임 ㅡㅡ
test_21084,test,21084,이 영화가 1994년 작품이었다는 사실에 새삼 놀랐다. 쿠엔틴 타란티노를 일약 최고의 감독으로 만들어준 영화.,1,positive,1,positive,1,positive,TP,0.026385119184851646,0.9736148118972778,0.9736148118972778,17,영화 1994년 작품 이다 사실 새삼 놀라다 . 쿠엔틴 타란티노 일약 최고 감독 만들다 준 영화 .
test_6606,test,6606,미안한데 최악이네요 ㅠ,0,negative,0,negative,0,negative,TN,0.9991022348403931,0.000897844904102385,0.9991022348403931,5,미안하다 최악 이네 요 ㅠ
test_5019,test,5019,노답....연출문제,0,negative,0,negative,0,negative,TN,0.9536942839622498,0.04630572348833084,0.9536942839622498,4,노답 .... 연출 문제
test_24751,test,24751,하..ㅇ..ㅇ..ㅇ,1,positive,0,negative,0,negative,FN,0.5197619199752808,0.48023802042007446,0.5197619199752808,7,하 .. ㅇ .. ㅇ .. ㅇ
test_12717,test,12717,백조가 오데뜨공주로 변할때 그녀를 감싸던 그물이 너무 예뻤다,1,positive,1,positive,1,positive,TP,0.16132977604866028,0.8386702537536621,0.8386702537536621,12,백조 오다 뜨다 공주 로 변하다 때 그녀 감싸다 그물 너무 예쁘다
test_19905,test,19905,영화시간이 안맞아서 아무꺼나 봤는데.진짜 공포영화보다 웃은적 첨임... 0점은 없나,0,negative,0,negative,0,negative,TN,0.9707527160644531,0.0292473416775465,0.9707527160644531,20,영화 시간 안 맞다 아무 꺼 나 보다 . 진짜 공포영화 보다 웃다 적 첨 임 ... 0 점 없다
test_23507,test,23507,기황후와 신의선물 사이에서 안타까울 뿐입니다.윤계상 조진웅 연기 정말 좋고 내용도 잼난데...다시보기나 재방송으로 많이들 보실거라 생각하니 배우분들 힘내시기 바랍니다.,1,positive,1,positive,1,positive,TP,0.04556979611515999,0.9544301629066467,0.9544301629066467,30,기황후 신의 선물 사이 에서 안타깝다 뿐이다 . 윤계상 조진웅 연기 정말 좋다 내용 잼 난 데 ... 다시 보기 나 재방송 많이 들다 보다 생각 배우 분들 힘내다 바라다
test_13273,test,13273,오호호,1,positive,1,positive,1,positive,TP,0.4935092628002167,0.5064907670021057,0.5064907670021057,1,오호호
test_46290,test,46290,정말 감동적이네요.. 정말정말.. 감동적이고 슬픈 영하네요..,1,positive,1,positive,1,positive,TP,0.014315469190478325,0.9856845140457153,0.9856845140457153,13,정말 감동 적다 .. 정말 정말 .. 감동 적 이고 슬프다 영 ..
test_31167,test,31167,나하고 안맞는건지 설정은 그렇다쳐도 풀어나가는 모습은 딱 어린이용.,0,negative,0,negative,0,negative,TN,0.98643559217453,0.01356440782546997,0.98643559217453,15,나하 고 안 맞다 건지다 설정 그렇다 다치다 풀다 나가다 모습 딱 어린이 용 .
test_24275,test,24275,ㅋ이게뭐엑 ㅋ참으로좀 흑엑,0,negative,0,negative,0,negative,TN,0.9425463676452637,0.05745367333292961,0.9425463676452637,8,ㅋ 게 뭐 엑 ㅋ 참으로 흑 엑
test_8952,test,8952,지루하고 내용도 별로..,0,negative,0,negative,0,negative,TN,0.9990915060043335,0.0009085182682611048,0.9990915060043335,4,지루하다 내용 별로 ..
test_11725,test,11725,"오늘 갑자기 다시 보고 싶은 영화,, 우아한 보사노바 열대야처럼 느린 시간",1,positive,1,positive,1,positive,TP,0.1916685700416565,0.8083314299583435,0.8083314299583435,13,"오늘 갑자기 다시 보고 싶다 영화 ,, 우아하다 보사노바 열대야 처럼 느리다 시간"
test_49354,test,49354,"“수많은 기독교인들의 통일을 위한 기도가 응답받지 못한 이유는?” 영화를 보진 않았지만 카피엔 답할수 있다.도킨스 말대로 하느님이란 없으니까.과일 하나 따먹었다고 원죄를 씌워 내치고,노아 이외 인류를 수장시키고도 우리를 사랑한다고? 삶 자체를 즐기시라",0,negative,0,negative,0,negative,TN,0.8066339492797852,0.19336611032485962,0.8066339492797852,30,“ 수많다 기독교인 통일 을 위 기도 응답 받다 못 이유 ? ” 영화 보다 않다 카피 엔 답 있다 . 도킨스 말 대로 하느님 이란 없다 . 과일 하나
test_19202,test,19202,진짜 무조건 봐야하는영화. 황정민의 실제같이 느껴지는 몰입력과 섬세한 표현력이 영화보는 내내 집중하게 만들었다. 힐링되는 영화,1,positive,1,positive,1,positive,TP,0.003301643766462803,0.9966983199119568,0.9966983199119568,24,진짜 무조건 보다 야하다 영화 . 황정민 실제 같이 느껴지다 몰입 력 섬세하다 표현 력 영 화보 내내 집중 만들다 . 힐링 되다 영화
test_33149,test,33149,미국 역사에 대한 절묘한 코미디,1,positive,1,positive,1,positive,TP,0.2804696261882782,0.7195304036140442,0.7195304036140442,5,미국 역사 대한 절묘하다 코미디
test_39041,test,39041,최고의 영화. 그 외 무슨 말이.,1,positive,1,positive,1,positive,TP,0.2873225510120392,0.7126774787902832,0.7126774787902832,8,최고 영화 . 그 외 무슨 말 .
test_3043,test,3043,오래도록 기억될 마음을 울리는 영화,1,positive,1,positive,1,positive,TP,0.013344965875148773,0.9866549968719482,0.9866549968719482,7,오래도록 기억 되다 마음 을 울리다 영화
test_7233,test,7233,최근 개봉된 뮤지컬식 레미제라블보다. 1999년 개봉된 이영화가 더 감동적이었다. '레 미제라블',1,positive,1,positive,1,positive,TP,0.16241514682769775,0.8375847935676575,0.8375847935676575,23,최근 개봉 되다 뮤지컬 식 레미제라블 보다 . 1999년 개봉 되다 이영화 더 감동 적 이다 . ' 레 미제 라 블 '
test_29670,test,29670,삼국지를 모르는사람이 본다면 5점알고본다면0점인영화 이해가 안가게만들었네,0,negative,0,negative,0,negative,TN,0.9611862897872925,0.03881368413567543,0.9611862897872925,16,삼국지 모르다 사람 보다 5 점알 고 보다 0 점 인 영화 이해 안 가다 만들다
test_16224,test,16224,오게두어라 서리한이 굶주렸다,1,positive,1,positive,1,positive,TP,0.1104997843503952,0.8895002007484436,0.8895002007484436,4,오다 두다 서리 굶주리다
test_14694,test,14694,꼴페미 역겹네,0,negative,0,negative,0,negative,TN,0.9959153532981873,0.004084584303200245,0.9959153532981873,3,꼴 페미 역겹다
test_9114,test,9114,마지막 추억을 떠올리는 씬보며 눈물이.. 추억이란 아름다움에..,1,positive,1,positive,1,positive,TP,0.00620997603982687,0.9937899708747864,0.9937899708747864,13,마지막 추억 을 떠올리다 씬보 며 눈물 .. 추억 이란 아름답다 움 ..
test_5868,test,5868,첨밀밀에 비하면 졸작,0,negative,0,negative,0,negative,TN,0.9992851614952087,0.000714875990524888,0.9992851614952087,3,첨밀밀 비 졸작
test_48078,test,48078,잠깐 동영상으로 보았어요 너무 재미있든데요????,1,positive,1,positive,1,positive,TP,0.11509163677692413,0.8849083185195923,0.8849083185195923,6,잠깐 동영상 보다 너무 재미있다 ????
test_49719,test,49719,평점... 속았다 ㅡㅡ,0,negative,0,negative,0,negative,TN,0.999285876750946,0.0007140905945561826,0.999285876750946,6,평점 ... 속 았 다 ㅡㅡ
test_38887,test,38887,"잔잔한 영화 좋아하지만 이건 뭐,, 잔잔한 게 아니라 지루한 수준",0,negative,0,negative,0,negative,TN,0.9912756681442261,0.008724361658096313,0.9912756681442261,11,"잔잔하다 영화 좋아하다 이건 뭐 ,, 잔잔하다 게 아니다 지루하다 수준"
test_9267,test,9267,나오지 말지 그랬냐,0,negative,0,negative,0,negative,TN,0.6496500372886658,0.35034996271133423,0.6496500372886658,4,나오다 말 지 그렇다
test_35788,test,35788,아직까진 내생에 베스트 드라마 ㅎ ㅎ,1,positive,1,positive,1,positive,TP,0.004083456005901098,0.9959165453910828,0.9959165453910828,7,아직 까진 내생 베스트 드라마 ㅎ ㅎ
test_40338,test,40338,딸과 딸 친구랑 같이 봤는데 어린이들도 재미있게 보는 곳 같더라고요,1,positive,1,positive,1,positive,TP,0.018788648769259453,0.9812113046646118,0.9812113046646118,11,딸 딸 친구 랑 같이 보다 어린이 재미있다 보다 곳 같다
test_30698,test,30698,배우들이 만든 작품을 보고싶으면 신데렐라언니.,1,positive,1,positive,1,positive,TP,0.2643584609031677,0.7356415390968323,0.7356415390968323,8,배우 만들다 작품 을 보다 신데렐라 언니 .
test_25934,test,25934,1빠다.오뚜기 아줌마 김영애씨 우연히 만났는데 진짜로 얼굴크기가 조막만 하더군.,0,negative,1,positive,1,positive,FP,0.4861404001712799,0.5138596296310425,0.5138596296310425,16,1 빠다 . 오뚜기 아줌마 김영애 씨 우연히 만나다 진짜 로 얼굴크기 조 막 만 .
test_40802,test,40802,이 영화 너무 재밌게 봤어요! 5번 정도 본 것 같네요ㅎ_ㅎ,1,positive,1,positive,1,positive,TP,0.0009832315845414996,0.9990167617797852,0.9990167617797852,14,영화 너무 재밌다 보다 ! 5 번 정도 보다 것 같다 ㅎ _ ㅎ
test_47618,test,47618,아나 진자 재미없다 ㅡㅡ 역시 이런건집에서봐야되는거가틈,0,negative,0,negative,0,negative,TN,0.937993586063385,0.062006380409002304,0.937993586063385,11,아 나 진자 재미없다 ㅡㅡ 역시 이렇다 건지다 보다 되다 틈
test_28351,test,28351,루크에반스믿고봤더니...,0,negative,1,positive,1,positive,FP,0.32242268323898315,0.6775773167610168,0.6775773167610168,4,루크에반스 믿다 보다 ...
test_44161,test,44161,이런.. 이걸 왜? 흠흠.,0,negative,0,negative,0,negative,TN,0.9244669079780579,0.07553312927484512,0.9244669079780579,8,이렇다 .. 걸 왜 ? 흠 흠 .
test_5043,test,5043,굳이 로그인해서 평점을 쓰게 만드는 놀라운 영화,0,negative,0,negative,0,negative,TN,0.5352720618247986,0.4647279679775238,0.5352720618247986,8,굳이 로그인 평점 을 쓰다 만들다 놀랍다 영화
test_11174,test,11174,막장드라마는 새로운 장르입니다. 너무 재밌게 보고 있습니다 빨리 다 죽여주세요,0,negative,1,positive,1,positive,FP,0.0462321937084198,0.9537677764892578,0.9537677764892578,12,막장드라마 새롭다 장르 이다 . 너무 재밌다 보고 있다 빨리 다 죽여주다
test_17285,test,17285,MB가 대체 무슨 죄를 저질렀나? 노무현이만 하겠느냐?,0,negative,0,negative,0,negative,TN,0.9381469488143921,0.06185309961438179,0.9381469488143921,10,MB 가다 대체 무슨 죄 저지르다 ? 노무현 만 ?
test_34754,test,34754,둘의 케미도 비주얼도 잘어울리고.이미지와 잘 맞는 옷을 입은 배역인듯.차분한 로맨스...오랜만에 감성돋는 영화였다,1,positive,1,positive,1,positive,TP,0.0453314483165741,0.9546685814857483,0.9546685814857483,25,둘 케미 비주 얼다 어울리다 . 이미지 자다 맞다 옷 을 입다 배역 인 듯 . 차분하다 로맨스 ... 오랜 만 감성 돋다 영화 이다
test_19512,test,19512,랄랄라 랄랄라 랄랄랄랄라~ 최고최고~!^^,1,positive,1,positive,1,positive,TP,0.00030375082860700786,0.9996962547302246,0.9996962547302246,8,랄랄라 랄랄라 랄랄 랄랄라 ~ 최고 최고 ~!^^
test_6292,test,6292,"""설령 그가 """"김철수"""" 였다 해도 문제는 그가 아니라 이나라의 역사이다.""",1,positive,1,positive,1,positive,TP,0.11198297142982483,0.8880169987678528,0.8880169987678528,15,""" 설령 그 """" 김철수 """" 이다 해도 문제 그 아니다 이나라 역사 이다 ."""
test_3620,test,3620,"이해 못한 놈들은 재미없다고할 영화고, 영화에 빠져든사람은 재밌게봤을영화임....",1,positive,1,positive,1,positive,TP,0.08422687649726868,0.9157730937004089,0.9157730937004089,15,"이해 못 놈 재미없다 영화 고 , 영화 빠져들다 사람 재밌다 보다 영화 임 ...."
test_37812,test,37812,당시 언론에선 독특한 영화라고 하더니만 참 서글프다 ..,0,negative,1,positive,1,positive,FP,0.26332905888557434,0.7366709113121033,0.7366709113121033,9,당시 언론 에선 독특하다 영화 라고 차다 서글프다 ..
test_42798,test,42798,뭘 말하려는걸까 어정쩡하고 보는내내 지루함만 느끼게 하니 원...긴장감도 없고 웃기지도 않고,0,negative,0,negative,0,negative,TN,0.9921282529830933,0.00787176750600338,0.9921282529830933,15,뭘 말 끄다 어정쩡하다 보다 지루함 만 느끼다 하니 원 ... 긴장감 없다 웃기다 않다
test_7077,test,7077,시시,0,negative,0,negative,0,negative,TN,0.9747527241706848,0.025247270241379738,0.9747527241706848,1,시시
test_29802,test,29802,재미없다 감동이 없다.,0,negative,0,negative,0,negative,TN,0.9752070307731628,0.024792971089482307,0.9752070307731628,4,재미없다 감동 없다 .
test_23703,test,23703,정신건강에 안좋은 걸 떠나서 너무 노잼!연예인을 많이 캐스팅한게 문젠듯서로 안면있으니까 뭉치네 이거 머리수싸움임?ㅋㅋㅋ그리고 프로그램 이름이 지니어스인데 머리쓰는 사람뉘규? 개뿔 없고 홍진호씨가 있었는데홍 탈락과 동시에 이 프로그램은 망했네요,0,negative,0,negative,0,negative,TN,0.9927104711532593,0.00728954654186964,0.9927104711532593,30,정신건강 안좋다 걸 떠나다 너무 노잼 ! 연예인 을 많이 캐스팅 게 문 젠듯 서로 안다 뭉치 네 거 머리 수 싸움 임 ? ㅋㅋㅋ 그리고 프로그램 이름 지니어스 인데
test_11955,test,11955,"시장에서 더할나위 없이불쾌한 무식녀들, 대 실망이다",0,negative,0,negative,0,negative,TN,0.9650834798812866,0.03491654247045517,0.9650834798812866,12,"시장 에서 더하다 나위 없이 불쾌하다 무식 녀 , 대다 실망 이다"
test_664,test,664,소장했었는데 비디오테잎 누가빌려갔는데 행불. 보고싶다 ㅡㅡ,1,positive,1,positive,1,positive,TP,0.1777375042438507,0.8222624659538269,0.8222624659538269,9,소장 비디오테잎 누가 빌리다 가다 행불 . 보다 ㅡㅡ
test_26314,test,26314,큭큭큭,1,positive,1,positive,1,positive,TP,0.4935092628002167,0.5064907670021057,0.5064907670021057,1,큭큭큭
test_40004,test,40004,병맛 쩌는 영화,0,negative,0,negative,0,negative,TN,0.7620534300804138,0.2379465252161026,0.7620534300804138,3,병맛 쩌 영화
test_7270,test,7270,그때 당시엔 아바타보다 더 인기였어.,1,positive,1,positive,1,positive,TP,0.4671837091445923,0.5328163504600525,0.5328163504600525,9,그때 당시 엔 아바타 보다 더 인기 이다 .
test_7187,test,7187,먼 구성이 이러냐..짜증나서 못보겠다..개 졸작이구만..별 하나도 아까움,0,negative,0,negative,0,negative,TN,0.9990134239196777,0.00098654895555228,0.9990134239196777,16,멀다 구성 이르다 .. 짜증나다 못 보다 .. 개 졸작 이구만 .. 별 하나 아깝다 움
test_4442,test,4442,연애 결혼 부부생활 중년의 사랑까지 정말 감명깊게 봤네요. 이경영씨 역할도 참 좋았네요.문소리씨 부부도요~^^,1,positive,1,positive,1,positive,TP,0.025820201262831688,0.9741798639297485,0.9741798639297485,23,연애 결혼 부부 생활 중년 사랑 까지 정말 감명 깊다 보다 . 이경영 씨 역할 차다 좋다 . 문소리 씨 부부 요 ~^^
test_3609,test,3609,"현란하고 정신없으며 자극적인 영상들로 가득하지만, 이게 공포나 스릴로 이어지진 않는다. 교회, 성흔, 복음서 등 기독교 요소는 의미 있는 무언가를 만들지도 못한다.",0,negative,1,positive,1,positive,FP,0.34412795305252075,0.6558720469474792,0.6558720469474792,30,"현란하다 정신 없다 자극 적 인 영상 로 가득하다 , 게 공포 나 스릴 로 이어지다 않다 . 교회 , 성흔 , 복음서 등 기독교 요소 의미 있다 무언가 만들다"
test_25238,test,25238,감동!,1,positive,1,positive,1,positive,TP,0.02807743474841118,0.9719225168228149,0.9719225168228149,2,감동 !
test_17532,test,17532,마지막 경기씬은 록키1보다 더 대단했다. 열광할 수 밖에 없는 영화. 그리고 중간의 애드리안을 향한 그의 사랑표현은 진정 감동이었다.,1,positive,1,positive,1,positive,TP,0.03859066963195801,0.961409330368042,0.961409330368042,28,마지막 경 기 씬 록키 1 보다 더 대단하다 . 열광하다 수 밖에 없다 영화 . 그리고 중간 애 드리다 향 그 사랑 표현 진정 감동 이다 .
test_37593,test,37593,"허블을 이용한 우주 관련 다큐인줄 알았더니 그냥 허블 발사, 수리 관련 다큐였음.",0,negative,0,negative,0,negative,TN,0.899372398853302,0.10062761604785919,0.899372398853302,18,"허블 을 이용 우주 관련 다큐 인 줄 알다 그냥 허블 발사 , 수리 관련 다큐 이다 ."
test_45195,test,45195,황당한데.,0,negative,0,negative,0,negative,TN,0.9892219305038452,0.010778073221445084,0.9892219305038452,2,황당하다 .
test_49722,test,49722,최고의 영화! 재미랑 감동 두가지 다 잡은 느낌,1,positive,1,positive,1,positive,TP,0.009549571201205254,0.9904504418373108,0.9904504418373108,11,최고 영화 ! 재미 랑 감동 두 가지 다 잡다 느낌
test_27251,test,27251,상처를 가진 남자와 그녀만의 아름다운 사랑이야기,1,positive,1,positive,1,positive,TP,0.0052693085744977,0.9947307109832764,0.9947307109832764,8,상처 가지다 남자 그녀 만의 아름답다 사랑 이야기
test_1908,test,1908,이준기 연기가 돋보였고 재밌음,1,positive,1,positive,1,positive,TP,0.00619076332077384,0.9938092827796936,0.9938092827796936,4,이준기 연기 돋보이다 재밌다
test_9501,test,9501,평점 너무하네 ㅡㅡ 어여쁜 청아 보는 재미로 10점은 줘야함!,1,positive,1,positive,1,positive,TP,0.24121010303497314,0.7587899565696716,0.7587899565696716,13,평점 너무하다 ㅡㅡ 어여쁘다 청아 보다 재미 로 10 점 주다 야하다 !
test_4484,test,4484,가나다라마바사아자차,0,negative,0,negative,0,negative,TN,0.8611490726470947,0.13885089755058289,0.8611490726470947,5,가나다 라마 바사 아자 차
test_26712,test,26712,골1처럼 골2도 개쩔음ㅋ 산티아고 뮤네즈 짱!!! 골3 볼꺼임ㅋ,1,positive,1,positive,1,positive,TP,0.01946989819407463,0.9805301427841187,0.9805301427841187,19,골 1 처럼 골 2 개 쩔다 ㅋ 산티아고 뮤 네 즈 짱 !!! 골 3 보다 임 ㅋ
test_16196,test,16196,최악. 왜평점이높은지모르겠다,0,negative,0,negative,0,negative,TN,0.999492883682251,0.0005071212654002011,0.999492883682251,6,최악 . 왜 평점 높다 모르다
test_31206,test,31206,우리 엽사부님 어디갔어,0,negative,1,positive,1,positive,FP,0.060103729367256165,0.939896285533905,0.939896285533905,6,우리 엽 사부 님 어디 가다
test_43412,test,43412,현실속 평범한 여자가 소리지르고 우기고 때쓰고 해본다고 생각하면 어지간히 빡칠듯.,0,negative,0,negative,0,negative,TN,0.9855518341064453,0.014448233880102634,0.9855518341064453,15,현 실속 평범하다 여자 소리 지르다 우기 고 때 쓰다 해보다 생각 어지간하다 빡치다 .
test_27434,test,27434,이영화가 왜 점수가 높은지 이해가 안간다 보다가 말아버린 몇안되는영화,0,negative,0,negative,0,negative,TN,0.832925021648407,0.1670749932527542,0.832925021648407,14,이영화 왜 점수 높다 이해 안 간다 보다 말 아 버리다 몇 안되다 영화
test_28992,test,28992,키아누 리브스 이때는 진짜 꽃미남 이었네요~!,1,positive,1,positive,1,positive,TP,0.3304845690727234,0.6695154309272766,0.6695154309272766,9,키 아누 리브 스 때 진짜 꽃미남 이다 ~!
test_33489,test,33489,성룡영화라 기대는 되지만 제목이 왠지....ㅋㅋㅋㅋㅋ,1,positive,1,positive,1,positive,TP,0.2905091941356659,0.7094908356666565,0.7094908356666565,9,성룡 영화 라 기대다 되다 제목 왠지 .... ㅋㅋㅋㅋㅋ
test_3820,test,3820,연기가 인상적,1,positive,1,positive,1,positive,TP,0.30352112650871277,0.6964789032936096,0.6964789032936096,3,연기 인상 적
test_32752,test,32752,꼴데라 하지마라 이제 못해도 4데다,1,positive,0,negative,0,negative,FN,0.7739743590354919,0.22602565586566925,0.7739743590354919,6,꼴다 이제 못 4 데 다
test_36343,test,36343,평점 잘 안쓰는데 갠적으로 기대도 안하고 봤던 영화인데 액션/반전이 있는 영화 나에게 있어 첫번째 인도 영화였는데 기대 이상이네,1,positive,1,positive,1,positive,TP,0.19061802327632904,0.8093819618225098,0.8093819618225098,28,평점 자다 안 쓰다 갠 적 기대다 안 하고 보다 영화 인데 액션 / 반전 있다 영화 나 에게 있다 첫 번째 인도 영화 이다 기대 이상 이네
test_35231,test,35231,전편은 이 작품의 세계관이나 인물들의 관계 등등이 신선하고 재밌었다면 이번편은 그냥 여주의 죄책감만 줄창 나와서 지루하게까지 느껴졌다. 그리고 로맨스도 너무 엉성해서 영..,0,negative,0,negative,0,negative,TN,0.8458052277565002,0.15419480204582214,0.8458052277565002,27,전편 작품 세계관 이나 인물 관계 등등 신선하다 재밌다 이번 편 그냥 여주 죄책감 만 줄창 나오다 지루하다 느껴지다 . 그리고 로맨스 너무 엉 성하다 영 ..
test_18526,test,18526,애들은 좋댄다;;,0,negative,0,negative,0,negative,TN,0.6949281096458435,0.3050718903541565,0.6949281096458435,4,애 좋다 대다 ;;
test_30015,test,30015,반전이라 할 수 없는 스토리와 소피마르소의 각진 턱,0,negative,1,positive,1,positive,FP,0.43034666776657104,0.5696532726287842,0.5696532726287842,12,반전 이라 수 없다 스토리 소 피 마르 소의 각 진 턱
test_43761,test,43761,엔딩곡이 좋아 2점 줌.,0,negative,0,negative,0,negative,TN,0.5762431025505066,0.423756867647171,0.5762431025505066,7,엔딩 곡 좋다 2 점 줌 .
test_9933,test,9933,강간 장면은 지나치게 자세하고 노골적인 반면에 강간범들을 응징하는 장면은 그렇게 속이 후련하지 않아서...,0,negative,0,negative,0,negative,TN,0.8449966311454773,0.1550033837556839,0.8449966311454773,17,강간 장면 지나치다 자세하다 노골 적 인 반면 강간범 을 응징 장면 그렇게 속이다 후련하다 않다 ...
test_36460,test,36460,이영화 제목이 생각안나서 엄청찾았는데ㅜㅜ 진짜 시간이 오래지나서 보아도 명작,1,positive,1,positive,1,positive,TP,0.010880659334361553,0.989119291305542,0.989119291305542,14,이영화 제목 생각 안나 서 엄청 찾다 ㅜㅜ 진짜 시간 오래 지나다 보아 명작
test_37609,test,37609,똥 망 허 접 해 요 ... 근데 카밀라는 이뻐요,0,negative,0,negative,0,negative,TN,0.9937022924423218,0.006297685671597719,0.9937022924423218,10,똥 망 허다 접 해 요 ... 근데 카밀라 이쁘다
test_30632,test,30632,"전혀개연성 없이 첩보,휴먼,성장,코미디,로맨스 모든게 들어가있는 뒤죽박죽 개잡탕영화. 감독이 고교 영화동아리수준",0,negative,0,negative,0,negative,TN,0.9707192182540894,0.029280798509716988,0.9707192182540894,26,"전혀 개 연성 없이 첩보 , 휴먼 , 성장 , 코미디 , 로맨스 모든 게 들어가다 뒤죽박죽 개 잡탕 영화 . 감독 고교 영화 동아리 수준"
test_9347,test,9347,이러니까 성냥팔이가.. ㅋ,0,negative,0,negative,0,negative,TN,0.9974194765090942,0.002580470871180296,0.9974194765090942,5,이러니까 성냥 팔이 .. ㅋ
test_21912,test,21912,제발 이런거 극장에서 개봉좀 해줘라.. 극장개봉 기다리다 결국 다운받아봤네.. 최고~,1,positive,1,positive,1,positive,TP,0.08341247588396072,0.9165875315666199,0.9165875315666199,17,제발 이렇다 극장 에서 개봉 해주다 .. 극장 개봉 기다리다 결국 다운 받다 보다 .. 최고 ~
test_30512,test,30512,레지♡진 그리구 감초 톡톡히 윌프와 씨씨:)Ost 넘 좋다@.@!,1,positive,1,positive,1,positive,TP,0.0021116603165864944,0.9978883862495422,0.9978883862495422,15,레 지 ♡ 진 그리다 감초 톡톡하다 윌프 씨 씨 :) Ost 넘다 좋다 @.@!
test_7983,test,7983,으하하 으하하 으하하하,0,negative,0,negative,0,negative,TN,0.9255067706108093,0.07449327409267426,0.9255067706108093,7,으 하하 으 하하 으 하하 하
test_23310,test,23310,작년초에 영화관에서 봤는데 셔터아일랜드 안본걸 심각히 후회했지,0,negative,0,negative,0,negative,TN,0.9617868661880493,0.038213152438402176,0.9617868661880493,12,작년 초 영화관 에서 보다 셔터 아일랜드 안 본 걸 심각하다 후회
test_1007,test,1007,이거 진짜 하나도 안 무서움별 하나 주기도 아까워ㅋ,0,negative,0,negative,0,negative,TN,0.983225405216217,0.016774585470557213,0.983225405216217,10,거 진짜 하나 안 무서움 별 하나 주기도 아깝다 ㅋ
test_16958,test,16958,당시 일본만화는 야하거나 유치한것같은 수준 낮은 것 밖에 없는 줄 알았던 나를 각성시켜 준 작품,1,positive,1,positive,1,positive,TP,0.2607894241809845,0.7392106056213379,0.7392106056213379,17,당시 일본만화 야하다 유치하다 같다 수준 낮다 것 밖에 없다 줄 알다 나르다 각성 시키다 준 작품
test_11665,test,11665,유루유리 하지마루요~유루유리 하지마루요~유루유리 하지마루요~유루유리 하지마루요~유루유리 하지마루요~유루유리 하지마루요~유루유리 하지마루요~유루유리 하지마루요~유루유리 하지마루요~유루유리 하지마루요~유루유리 하지마루요~유루유리 하지마루요~,0,negative,0,negative,0,negative,TN,0.5108702778816223,0.48912978172302246,0.5108702778816223,30,유루유리 마루 요 ~ 유루유리 마루 요 ~ 유루유리 마루 요 ~ 유루유리 마루 요 ~ 유루유리 마루 요 ~ 유루유리 마루 요 ~ 유루유리 마루 요 ~ 유루유리 마루
test_22627,test,22627,소름끼친다!,1,positive,1,positive,1,positive,TP,0.050710391253232956,0.9492895603179932,0.9492895603179932,2,소름끼치다 !
test_44040,test,44040,우와.... 내가 시나리오를 쓰고 싶을 정도로 구멍이 숭숭 뚫린 영화다.,0,negative,0,negative,0,negative,TN,0.949889063835144,0.050110895186662674,0.949889063835144,14,우와 .... 내 시나리오 쓰다 싶다 정도 로 구멍 숭숭 뚫리다 영화 다 .
test_3410,test,3410,여성관객들도 이해하기 싫은 영화... 공감대형성의 실패!,0,negative,0,negative,0,negative,TN,0.9945829510688782,0.00541710015386343,0.9945829510688782,12,여 성 관객 이해 싫다 영화 ... 공감 대형 성의 실패 !
test_44786,test,44786,달콤하면서씁슬한 문,1,positive,1,positive,1,positive,TP,0.032644253224134445,0.9673557281494141,0.9673557281494141,4,달콤하다 쓰다 슬 문
test_48367,test,48367,글로리아 입도 곽부성도 매염방도 없는데다 재미까지 없다,0,negative,1,positive,1,positive,FP,0.40143704414367676,0.5985628962516785,0.5985628962516785,8,글로리아 입도 곽부성 매염방 없다 재미 까지 없다
test_39424,test,39424,정말 정말 아쉬운 드라마 정말 대작이였을수도 있었던 드라마라서 속상하다 시즌으로 이어졌으면 좋겠다 배우둘위 멋진 연기.... ㅜ,1,positive,1,positive,1,positive,TP,0.007421151269227266,0.9925788044929504,0.9925788044929504,20,정말 정말 아쉽다 드라마 정말 대작 이다 있다 드라마 라서 속상하다 시즌 이어지다 좋다 배우 둘위 멋지다 연기 .... ㅜ
test_19615,test,19615,이거 8부로 끝내는게 아니라 사계절 동안 하는걸로 알고 있습니다. 일단 이번에 8부로 끝나면 할배들이랑 여행갔다가 다시 삼시세끼 할것이라고 생각드네요,1,positive,1,positive,1,positive,TP,0.2975549101829529,0.7024450898170471,0.7024450898170471,30,거 8 부로 끝내다 아니다 사계절 동안 하 는걸 로 알 고 있다 . 일단 이번 8 부로 끝나다 할배 이랑 여행 가다 다시 삼 시세 끼 생각 드 네
test_23726,test,23726,첩보 액션의 정점에 이른 명작. 우리나라에선 언제쯤 이런 영화를 볼 수 있을까,1,positive,1,positive,1,positive,TP,0.008446980267763138,0.991553008556366,0.991553008556366,15,첩보 액션 정점 이르다 명작 . 우리나라 에선 언제 쯤 이렇다 영화 볼 수 있다
test_8364,test,8364,저는 중3이고 피디박스에서 이거받아봣는데.처음장면은별로고,0,negative,0,negative,0,negative,TN,0.7907270789146423,0.20927290618419647,0.7907270789146423,17,저 중 3 이고 피디 박스 에서 거 받다 봣 늘다 . 처음 장 면 은별 로고
test_16798,test,16798,사스가 졸작데스요네~ 평점와 주작데스요!!,0,negative,0,negative,0,negative,TN,0.9613754153251648,0.038624636828899384,0.9613754153251648,12,사스 졸작 데스 요 네 ~ 평점 주 작 데스 요 !!
test_46978,test,46978,아 정말.....진짜 너무 너무 대단한 영화다 크림슨타이드 보다 한수위던데,1,positive,1,positive,1,positive,TP,0.15247206389904022,0.8475279808044434,0.8475279808044434,15,아 정말 ..... 진짜 너무 너무 대단하다 영화 다 크림슨 타 이드 보다 수위 던데
test_37014,test,37014,나도 이딴영화만들줄아는데..제가직접한번해보겠습니다.,0,negative,0,negative,0,negative,TN,0.9704893231391907,0.0295106228441,0.9704893231391907,10,나다 이딴 영화 만들다 .. 제 직접 한번 해보다 .
test_48582,test,48582,부드럽게 거칠게 잔잔하게 생각하게,1,positive,1,positive,1,positive,TP,0.0021763471886515617,0.9978237152099609,0.9978237152099609,4,부드럽다 거치다 잔잔하다 생각
test_47742,test,47742,마구 주절거려 다 까발리려는 문자 언어들,0,negative,1,positive,1,positive,FP,0.10742471367120743,0.8925752639770508,0.8925752639770508,6,마구 주절거리다 다 까발리다 문자 언어
test_18285,test,18285,지겹네...,0,negative,0,negative,0,negative,TN,0.9834877848625183,0.016512248665094376,0.9834877848625183,2,지겹다 ...
test_43069,test,43069,"엄청난 예고편 포스에 비해, 내용은 앙꼬없는 찐빵. 낚시질 하나는 끝내준다.",0,negative,0,negative,0,negative,TN,0.9568026065826416,0.04319735988974571,0.9568026065826416,13,"엄청나다 예고편 포스 비다 , 내용 앙꼬없는 찐빵 . 낚시질 하나 끝내다 ."
test_48767,test,48767,쪽바리 영화니깐 1점도 아까워,0,negative,0,negative,0,negative,TN,0.9987623691558838,0.0012376646045595407,0.9987623691558838,6,쪽바리 영화 니깐 1 점도 아깝다
test_38513,test,38513,4점도 아깝다.. 개인적인 생각으론 2.5점이 적당,0,negative,0,negative,0,negative,TN,0.9554524421691895,0.044547539204359055,0.9554524421691895,12,4 점도 아깝다 .. 개인 적 인 생각 으론 2.5 점 적당
test_39387,test,39387,에효 이것도 영화라고...진심 7광구보다 토한다,0,negative,0,negative,0,negative,TN,0.9791152477264404,0.020884761586785316,0.9791152477264404,10,효 것 영화 라고 ... 진심 7 광구 보다 토
test_14450,test,14450,뻔하고 지루할 것 같다고 생각했다. 그러나 결국 나도 울어버렸다.,1,positive,0,negative,0,negative,FN,0.5773378610610962,0.4226621687412262,0.5773378610610962,12,뻔하다 지루하다 것 같다 생각 . 그러나 결국 나다 울다 버리다 .
test_16783,test,16783,걍 성룡나온거는 기냥...,1,positive,0,negative,0,negative,FN,0.8600377440452576,0.13996219635009766,0.8600377440452576,5,성룡 나오다 기 냥 ...
test_23524,test,23524,유일하게내세우는액션조차 어설프고 조잡하다!!!,0,negative,0,negative,0,negative,TN,0.9960307478904724,0.0039692712016403675,0.9960307478904724,7,유일하다 세우다 액션 조차 어설프다 조잡하다 !!!
test_39762,test,39762,참 답답하고 지루한 영화.★5,0,negative,0,negative,0,negative,TN,0.9650565385818481,0.034943439066410065,0.9650565385818481,7,차다 답답하다 지루하다 영화 . ★ 5
test_24166,test,24166,허무맹랑한 술래잡기,0,negative,0,negative,0,negative,TN,0.73089599609375,0.26910400390625,0.73089599609375,2,허무맹랑 술래잡기
test_21537,test,21537,작가가 킬미힐미가 이거 베꼈다고 하지 않음? 근데 이건 왜케 재미없음? 아 존나 지루하다 ㅡㅡ;; 성질나서 리뷰 쓸라고 로그인함.. 진짜 배우가 아깝다.. 난 킬미힐미나 볼래,0,negative,0,negative,0,negative,TN,0.9992050528526306,0.0007950111175887287,0.9992050528526306,30,작가 킬미힐미 거 베 끼다 않다 ? 근데 이건 왜케 재미없다 ? 아 존나 지루하다 ㅡㅡ ;; 성질 나서다 리뷰 쓸다 로그인 함 .. 진짜 배우 아깝다 .. 난 킬미힐미
test_39003,test,39003,"OCN에서 봤는데, 재미있었음ㅋㅋㅋㅋㅋㅋㅋㅋ",1,positive,1,positive,1,positive,TP,0.014931843616068363,0.985068142414093,0.985068142414093,6,"OCN 에서 보다 , 재미있다 ㅋㅋㅋㅋㅋㅋㅋㅋ"
test_32393,test,32393,무섭지도 않고 전개도 쓰레기같은게 결말마저 깔끔하지 않은 전형적인 B급 공포영화. 2000년대 당시의 영화계에선 주변 사물과 공포를 이은 링이 흥한것을 따라한 졸작.,0,negative,0,negative,0,negative,TN,0.9477066397666931,0.05229344964027405,0.9477066397666931,30,무섭다 않다 전개도 쓰레기 같다 결말 마저 깔끔하다 않다 전형 적 인 B 급 공포영화 . 2000년 대 당시 영화계 에선 주변 사물 공포 링 흥 것 을 따르다 졸작
test_27454,test,27454,너무 밑도 끝도 없잖아!,0,negative,0,negative,0,negative,TN,0.830775797367096,0.16922426223754883,0.830775797367096,5,너무 밑 끝 없다 !
test_47658,test,47658,두 배우가 결혼하지만 않았다면 완벽했을 영화... 참 좋아했는데 이상하게 그 후로는 도저히 못보겠어요,0,negative,0,negative,0,negative,TN,0.7262075543403625,0.2737923860549927,0.7262075543403625,16,두 배우 결혼 않다 완벽하다 영화 ... 차다 좋아하다 이상하다 그 후 로는 도저히 못 보다
test_33244,test,33244,인간은 악을 토해내고 싶은 것일까,1,positive,0,negative,0,negative,FN,0.6692534685134888,0.3307465612888336,0.6692534685134888,8,인간 악 을 토 해내다 싶다 것 이다
test_44498,test,44498,야마카시 보는 재미는 5분이면 충분하다. 시노십스 출연자들이 만들었니?,0,negative,0,negative,0,negative,TN,0.8908788561820984,0.10912108421325684,0.8908788561820984,14,야마카시 보다 재미 5분 이면 충분하다 . 시 노 십 스 출연자 만들다 ?
test_49529,test,49529,진짜최고에요...전 감히 써니만큼 재밌었다 라고말하고싶어요! 감동웃음모두 좋았어요,1,positive,1,positive,1,positive,TP,0.027694368734955788,0.9723056554794312,0.9723056554794312,16,진짜 최고 에요 ... 전 감히 써니 만큼 재밌다 라고 말다 ! 감동 웃음 모두 좋다
test_41785,test,41785,너무 좋아,1,positive,1,positive,1,positive,TP,0.07463552802801132,0.9253644347190857,0.9253644347190857,2,너무 좋다
test_38924,test,38924,재미있었다.그나저나 수애랑 정시아라니 의외인데?아주 잠깐 나왔던거잖아,1,positive,1,positive,1,positive,TP,0.015204735100269318,0.9847952723503113,0.9847952723503113,13,재미있다 . 그나저나 수애 랑 정시아 라니 의외 인데 ? 아주 잠깐 나오다
test_47633,test,47633,영화관에서 안보고 ocn에서 틀어주는거 봤는데도 시간이 아깝고 평점 1점 꼭 줘야겠다는 생각이 든 영화,0,negative,0,negative,0,negative,TN,0.9421283602714539,0.05787165090441704,0.9421283602714539,18,영화관 에서 안보 고 ocn 에서 틀어주다 보다 시간 아깝다 평점 1 점 꼭 주다 생각 들다 영화
test_147,test,147,초중학생 수준의 단조로운 대사와 지루하고 재미 없는 영화.,0,negative,0,negative,0,negative,TN,0.9773813486099243,0.022618630900979042,0.9773813486099243,10,초 중학생 수준 단조롭다 대사 지루하다 재미 없다 영화 .
test_31643,test,31643,모두가 장애인에대한 편견을 조금씩이라도 바꿔가야 누군가는 웃을수 있지않을까?,1,positive,1,positive,1,positive,TP,0.2311815321445465,0.7688184380531311,0.7688184380531311,14,모두 장애인 대한 편견 을 조금 씩 이라도 바꾸다 누군가 웃다 있다 않다 ?
test_32218,test,32218,솔직히 볼만한데 다들 정신병있나 몰입도 괜찮고 좋은영화임,1,positive,1,positive,1,positive,TP,0.01239781267940998,0.987602174282074,0.987602174282074,13,솔직하다 볼 만 데 다 들다 정신병 있다 몰입도 괜찮다 좋다 영화 임
test_7744,test,7744,술은 입을 경쾌하게 한다.,0,negative,0,negative,0,negative,TN,0.5070672035217285,0.49293285608291626,0.5070672035217285,5,술 입 을 경쾌하다 .
test_28914,test,28914,드라마틱하게 만들만 볼만하겠는데 너무 허술하게 만듬,0,negative,0,negative,0,negative,TN,0.9324315190315247,0.06756843626499176,0.9324315190315247,10,드라마틱하다 만들다 볼 만 너무 허다 술 하 게 만듬
test_8230,test,8230,수많은 스텝의 노력과 공이 이렇게도 똥칠될 수 있더라.,0,negative,0,negative,0,negative,TN,0.5155422687530518,0.48445773124694824,0.5155422687530518,10,수많다 스텝 노력 공이 이렇다 똥칠 되다 수 있다 .
test_40923,test,40923,다코타가 나오잖니 -- 10점이지 재밋던데,1,positive,1,positive,1,positive,TP,0.011220976710319519,0.9887789487838745,0.9887789487838745,8,다코타 나오다 -- 10 점 이지 재밋 던데
test_13650,test,13650,"감동적이고, 퀼이 충성스러워염~",1,positive,1,positive,1,positive,TP,0.11362885683774948,0.8863711953163147,0.8863711953163147,9,"감동 적 이고 , 퀼 충성 스럽다 염 ~"
test_37683,test,37683,슬픈영화라기보다는 예쁜영화,1,positive,1,positive,1,positive,TP,0.1064542680978775,0.8935456871986389,0.8935456871986389,5,슬프다 영화 라기보다는 예쁘다 영화
test_33991,test,33991,진짜 궁금한게 주요정보 줄거리에는 4명의 마녀라 써져있는데배우/제작직 가서 봐보면 한지혜 빼고 나머지 배우들은 왜 다 조연임?나머지 3명의 마녀들은 그냥 들러리들인거임?,1,positive,1,positive,1,positive,TP,0.49030396342277527,0.5096960663795471,0.5096960663795471,30,진짜 궁금하다 주요 정보 줄거리 에는 4 명의 마녀 라 써다 배우 / 제작 직 가다 보다 보다 한지혜 빼다 나머지 배우 왜 다 조 연 임 ? 나머지 3
test_4192,test,4192,극장가서 볼만한 영화는 아니다. 이것이 일본영화의 한계 드라마용..,0,negative,0,negative,0,negative,TN,0.8498094081878662,0.15019065141677856,0.8498094081878662,16,극 장가 서 볼 만 영화 아니다 . 것 일 본 영화 한계 드라마 용 ..
test_2440,test,2440,아...,0,negative,0,negative,0,negative,TN,0.6521952152252197,0.3478047847747803,0.6521952152252197,2,아 ...
test_46740,test,46740,"스타일,캐릭터,시놉시스까지 모두완벽. 제일 대박은 역시 연기지휘와 플롯, 대사",1,positive,1,positive,1,positive,TP,0.002144842641428113,0.9978551268577576,0.9978551268577576,18,"스타일 , 캐릭터 , 시놉시스 까지 모두 완벽 . 제일 대박 역시 연 기 지휘 플롯 , 대사"
test_22555,test,22555,삼류저질쓰레기영화 안쪽팔리냐 니몸매 잘구경하고감~,0,negative,0,negative,0,negative,TN,0.9977376461029053,0.0022623601835221052,0.9977376461029053,14,삼류 저 질 쓰레기 영화 안 쪽팔리다 니 몸매 자다 구경 하고 감 ~
test_37321,test,37321,ㅋㅋ아... ㅋㅋ ㅜㅜ,0,negative,1,positive,1,positive,FP,0.3709651529788971,0.6290348172187805,0.6290348172187805,5,ㅋㅋ 아 ... ㅋㅋ ㅜㅜ
test_27576,test,27576,아이가 재밌게 잘 봤다고 하네요 저역시 만족해요,1,positive,1,positive,1,positive,TP,0.0050842901691794395,0.9949157238006592,0.9949157238006592,7,아이 재밌다 자다 보다 저 역시 만족하다
test_16870,test,16870,진짜노잼..시간이너무아깝다,0,negative,0,negative,0,negative,TN,0.9990665316581726,0.0009335357462987304,0.9990665316581726,6,진짜 노잼 .. 시간 너무 아깝다
test_4488,test,4488,홍수아 사랑해 앞으로도 계속,0,negative,1,positive,1,positive,FP,0.0499860979616642,0.9500139355659485,0.9500139355659485,5,홍수아 사랑 앞 으로도 계속
test_49117,test,49117,이거 왜 만들었을까 ? -_-,0,negative,0,negative,0,negative,TN,0.9824835658073425,0.01751640811562538,0.9824835658073425,5,거 왜 만들다 ? -_-
test_10264,test,10264,대한민국 영화 정말 실망스럽네요. 딱 3점짜리 영화입니다. 정말 재미없습니다.,0,negative,0,negative,0,negative,TN,0.9965399503707886,0.003460133681073785,0.9965399503707886,16,대한민국 영화 정말 실망 스럽다 . 딱 3 점 짜다 영화 이다 . 정말 재미없다 .
test_42552,test,42552,먹먹하고 짠한.. 여운이 남는 영화,1,positive,1,positive,1,positive,TP,0.0008738391916267574,0.999126136302948,0.999126136302948,7,먹다 먹다 짠하다 .. 여운 남다 영화
test_47712,test,47712,임창정 코미디의 발전형태.,1,positive,0,negative,0,negative,FN,0.7672140002250671,0.23278604447841644,0.7672140002250671,5,임창정 코미디 발전 형태 .
test_27030,test,27030,젊은시절로 돌아가는 영화보다는 이렇게 바뀌는것도 괜찮지...특히 엄마와 딸이라는 설정이 흥미롭고 풀어가는 방식또한 색다르다.,1,positive,1,positive,1,positive,TP,0.04759230464696884,0.952407717704773,0.952407717704773,22,젊다 시절 로 돌아가다 영화 보다는 이렇게 바뀌다 괜찮다 ... 특히 엄마 딸 이라는 설정 흥미 롭고 풀다 방식 또한 색다르다 .
test_8416,test,8416,생각보다 별로인데 우리딸 때문에,0,negative,0,negative,0,negative,TN,0.7063176035881042,0.29368242621421814,0.7063176035881042,7,생각 보다 별로 인데 우리 딸 때문
test_27804,test,27804,언디스퓨티드2가 재미있길래 한번 다운받아서 봤는데 이 영화 역시 정말 재미있네요,1,positive,1,positive,1,positive,TP,0.004489701706916094,0.9955103397369385,0.9955103397369385,14,언 디스 퓨티드 2 가다 재미있다 한번 다운 받다 보다 영화 역시 정말 재미있다
test_19708,test,19708,아 스페인 영화 실망이네,0,negative,0,negative,0,negative,TN,0.9973740577697754,0.0026259380392730236,0.9973740577697754,5,아 스페인 영화 실망 이네
test_15531,test,15531,난 더빙판으로 안 봐서 그런지 굉장했지요.,1,positive,1,positive,1,positive,TP,0.34020695090293884,0.6597930192947388,0.6597930192947388,8,난 더빙 판 안 보다 그렇다 굉장하다 .
test_8955,test,8955,고생해서 10점 준당 ㅋ,1,positive,1,positive,1,positive,TP,0.14435020089149475,0.8556497693061829,0.8556497693061829,5,고생 10 점 주다 ㅋ
test_9373,test,9373,역시 검은조직이 나와야 재밋음. 검은조직 좀 자주나와라!! 조직 이름도 공개하고!!!,1,positive,1,positive,1,positive,TP,0.02804855816066265,0.9719514846801758,0.9719514846801758,16,역시 검다 조직 나오다 재밋음 . 검다 조직 자주 나와라 !! 조직 이름 공개 하고 !!!
test_30023,test,30023,오우 깜놀 겁나통쾌,1,positive,1,positive,1,positive,TP,0.03092724084854126,0.9690727591514587,0.9690727591514587,4,오우 깜놀 겁나다 통쾌
test_43653,test,43653,두말할 필요없는 쓰레기영화~~,0,negative,0,negative,0,negative,TN,0.9251096844673157,0.07489030063152313,0.9251096844673157,6,두 말 필요없다 쓰레기 영화 ~~
test_5755,test,5755,원석 자체는 나쁘지 않다는 평에 정말 공감.,0,negative,1,positive,1,positive,FP,0.0858374834060669,0.9141625761985779,0.9141625761985779,9,원 석 자체 나쁘다 않다 평 정말 공감 .
test_42686,test,42686,정말 잘 만든 사극,1,positive,1,positive,1,positive,TP,0.18712696433067322,0.8128730654716492,0.8128730654716492,4,정말 자다 만들다 사극
test_16483,test,16483,최고의 액션을 담은 드라마.,1,positive,1,positive,1,positive,TP,0.08697198331356049,0.9130280017852783,0.9130280017852783,6,최고 액션 을 담다 드라마 .
test_30301,test,30301,진짜 말도 안되는 어처구니 없는 영화,0,negative,0,negative,0,negative,TN,0.8981244564056396,0.10187558084726334,0.8981244564056396,6,진짜 말 안되다 어처구니 없다 영화
test_34787,test,34787,쓰레기 초딩용 영화. 망할만 했다. 80년대 구니스만도 못한 영화. 차라리 구니스를 한번 더 보는 게 나을 듯,0,negative,0,negative,0,negative,TN,0.9950823783874512,0.004917692393064499,0.9950823783874512,22,쓰레기 초딩 용 영화 . 망하다 . 80년 대 구니스 만도 못 영화 . 차라리 구니스 한번 더 보다 게 나다 듯
test_18036,test,18036,살다살다 이렇게 재미없는 영화는 또 오래간만이다. 2009년작이라고 해서 한번더 놀람,0,negative,0,negative,0,negative,TN,0.7602766752243042,0.23972326517105103,0.7602766752243042,14,살다 살다 이렇게 재미없다 영화 또 오래간만 이다 . 2009년 작이라고 한번 더 놀람
test_12465,test,12465,티라노가져서 1점줌니다,0,negative,0,negative,0,negative,TN,0.9673567414283752,0.032643284648656845,0.9673567414283752,5,티라노 가다 1 점 주다
test_21949,test,21949,미국식농담 좋아하는사람 정~말 재밌게볼수 있다. 본인 코드랑은 딱맞았음ㅋㅋ,1,positive,0,negative,0,negative,FN,0.7351819276809692,0.2648180425167084,0.7351819276809692,18,미국 식 농담 좋아하다 사람 정 ~ 말 재밌다 보다 있다 . 본인 코드 랑은 딱 맞다 ㅋㅋ
test_26742,test,26742,왜 슈렉영화는 점점 기대이하가 되는지...,0,negative,0,negative,0,negative,TN,0.9589926600456238,0.041007354855537415,0.9589926600456238,9,왜 슈렉 영화 점점 기 대 이하 되다 ...
test_25932,test,25932,보지마삼 진ㅉㅏ보지마삼 1점도 주기아까워요,0,negative,0,negative,0,negative,TN,0.9615482091903687,0.038451794534921646,0.9615482091903687,10,보다 삼 진 ㅉㅏ 보다 삼 1 점도 주기 아깝다
test_21695,test,21695,"연기도, 스토리도, 결말도 모두 완벽! 적어도 나에게는..게일이랑 랜디 정말 멋진 배우인데..떴으면 좋겠다..ㅜㅜ",1,positive,1,positive,1,positive,TP,0.0017108072061091661,0.998289167881012,0.998289167881012,24,"연기 , 스토리 , 결말 모두 완벽 ! 적어도 나 에게는 .. 게일 이랑 랜디 정말 멋지다 배우 인데 .. 뜨다 좋다 .. ㅜㅜ"
test_37540,test,37540,개인차가 있겠지만 신선하다.,1,positive,1,positive,1,positive,TP,0.05258624255657196,0.9474137425422668,0.9474137425422668,5,개인 차갑다 있다 신선하다 .
test_1511,test,1511,이 정도면 괜찮게 본거 같은데 점수가..,1,positive,1,positive,1,positive,TP,0.20373006165027618,0.7962698936462402,0.7962698936462402,7,정도 면 괜찮다 보다 같다 점수 ..
test_27426,test,27426,'평가할 가치가 없다' '엉망진창'이 맞는 단어 평점쓰는 시간도 아깝네,0,negative,0,negative,0,negative,TN,0.9939339756965637,0.006065976805984974,0.9939339756965637,15,' 평가 가치 없다 ' ' 엉망 진창 ' 맞다 단어 평점 쓰다 시간 아깝다
test_45376,test,45376,진짜 무서움 말이 필요없음,1,positive,1,positive,1,positive,TP,0.04331003129482269,0.9566900134086609,0.9566900134086609,4,진짜 무서움 말 필요없다
test_31126,test,31126,너무 슬픈영화입니다. 갑자기 엄마가해준 김치가너무먹고싶네요 여배우 두분의 절실한 호흡이 돋보이는 영화였습니다. 영화보실때 휴지꼭 챙겨서보십시오,1,positive,1,positive,1,positive,TP,0.12226391583681107,0.8777360916137695,0.8777360916137695,27,너무 슬프다 영화 이다 . 갑자기 엄마 가하다 김치 너무 먹다 여배우 두 분 절실 호흡 돋보이다 영화 이다 . 영화 보다 때 휴지 꼭 챙기다 보다
test_46976,test,46976,배우의 연기로 내용 커버가능! 시사회 환경 증말 최악!,0,negative,0,negative,0,negative,TN,0.9758399128913879,0.024160077795386314,0.9758399128913879,12,배우 연기 로 내용 커버 가능 ! 시사회 환경 증말 최악 !
test_43487,test,43487,휴..마이너스인생..이조차 안아파야 청춘인것인가..암튼엄태구님 연기감탄,1,positive,0,negative,0,negative,FN,0.6189439296722412,0.3810560405254364,0.6189439296722412,18,휴 .. 마이너스 인생 .. 조차 안 아프다 청춘 인 것 인가 .. 암튼 엄태구 님 연기 감탄
test_18414,test,18414,바보부부이야기,1,positive,0,negative,0,negative,FN,0.8614295721054077,0.13857044279575348,0.8614295721054077,3,바보 부부 이야기
test_28819,test,28819,완전 쓰레기..보다가 오그라들어 채널 돌렷다,0,negative,0,negative,0,negative,TN,0.9954322576522827,0.00456774840131402,0.9954322576522827,7,완전 쓰레기 .. 보다 오그라들다 채널 돌다
test_11411,test,11411,2일만에 18화를 보게 만든 몰입감... 한국 의학드라마 최고의 명작이다.,1,positive,1,positive,1,positive,TP,0.0012937634019181132,0.9987062215805054,0.9987062215805054,16,2일 만에 18 화 보다 만들다 몰입 감 ... 한국 의학 드라마 최고 명작 이다 .
test_19564,test,19564,진짜 작가 바뀌고 못봐주겠다...초기엔 잼있었는데 오늘보다가 리모컨 부셔버릴뻔..악플 웬만하면 안다는 사람인데... 이 드라마는 진짜 쓰레기 똥 드라마네...,0,negative,0,negative,0,negative,TN,0.9812619090080261,0.018738068640232086,0.9812619090080261,30,진짜 작가 바뀌다 못 보다 ... 초기 엔 재다 오늘 보다 가다 리모컨 불다 버리다 뻔 .. 악플 웬만하다 안다 사람 인데 ... 드라마 진짜 쓰레기 똥 드라마 네 ...
test_45261,test,45261,밋밋하고 싸한 느낌이 남는다,0,negative,0,negative,0,negative,TN,0.8801758289337158,0.11982416361570358,0.8801758289337158,4,밋밋하다 싸하다 느낌 남다
test_11927,test,11927,나는 그냥 영화보면 대부분재밋게보는데 이건 진짜 재미없고 돈아깝다....,0,negative,0,negative,0,negative,TN,0.9921708106994629,0.007829122245311737,0.9921708106994629,15,나 그냥 영 화보 면 대부분 재밋 게 보다 이건 진짜 재미없다 돈 아깝다 ....
test_28883,test,28883,아직은 낯선 컬트식 영화. 사운드가 가슴에 와 닿는...,1,positive,1,positive,1,positive,TP,0.026690131053328514,0.9733098149299622,0.9733098149299622,11,아직 낯선 컬트 식 영화 . 사운드 가슴 오다 닿다 ...
test_34953,test,34953,이게 혹성탈출보다 낫다는건 도대체 어떤 원숭이 대가리 속에서 나온 생각이냐. 한국영화라는 이유로 이렇게 빨아대니까 저생키들이 시장에서도 안팔 50원짜리 스토리로 팔아대잖아. 평생 호구노릇이나 해라.,0,negative,0,negative,0,negative,TN,0.783185601234436,0.21681435406208038,0.783185601234436,30,게 혹성탈출 보다 낫다 건 도대체 어떻다 원숭이 대가리 속 에서 나오다 생각 이냐 . 한국영 화 라는 이유 로 이렇게 빨 아대 니까 저 생키 시장 에서도 안팔 50원
test_24561,test,24561,다른사람이 고통을 느끼면 나도 불편하고 ...이게 왜 잼밌는건지?,0,negative,0,negative,0,negative,TN,0.8552977442741394,0.1447022706270218,0.8552977442741394,12,다른사람 고통 을 느끼다 나다 불편하다 ... 게 왜 잼밌는건 지 ?
test_49092,test,49092,재미가...안타깝네....,0,negative,1,positive,1,positive,FP,0.44696930050849915,0.5530307292938232,0.5530307292938232,4,재미 ... 안타깝다 ....
test_28416,test,28416,아~ 너무 가슴이 아프다,1,positive,1,positive,1,positive,TP,0.006174779962748289,0.9938251972198486,0.9938251972198486,5,아 ~ 너무 가슴 아프다
test_40012,test,40012,신부가 짜증나서 죽기만을 바랬다.,0,negative,0,negative,0,negative,TN,0.9875621795654297,0.012437857687473297,0.9875621795654297,5,신부 짜증나다 죽다 바랬다 .
test_37809,test,37809,골든 라즈베리 상을 받는 이유가 있다.,0,negative,0,negative,0,negative,TN,0.5732285976409912,0.4267713725566864,0.5732285976409912,8,골든 라즈베리 상 을 받다 이유 있다 .
test_1418,test,1418,굳뜨!!! 완죤 내 스타일이닷!!,1,positive,1,positive,1,positive,TP,0.012869120575487614,0.9871309399604797,0.9871309399604797,8,굳다 뜨다 !!! 완죤 내 스타 이다 !!
test_35932,test,35932,"탤런트들이 출연하는 성인 TV문학관, 소재가 아깝다....",0,negative,0,negative,0,negative,TN,0.9982110261917114,0.0017889982555061579,0.9982110261917114,9,"탤런트 출연 성인 TV 문학관 , 소재 아깝다 ...."
test_45086,test,45086,재밌냐..,0,negative,1,positive,1,positive,FP,0.040145229548215866,0.9598548412322998,0.9598548412322998,2,재밌다 ..
test_1502,test,1502,역사왜곡은 뭐 각색의 영역이라 그렇다치고 영화자체로도 참 B급 스런 쌈마이영화.그냥 머리를 비우고 멍하니 시간을 때우고 싶은게 아니라면 추천하진 않습니다,0,negative,0,negative,0,negative,TN,0.8364347815513611,0.16356518864631653,0.8364347815513611,27,역사왜곡 뭐 각색 영역 이라 그렇다 영화 자체 로 차다 B 급 스럽다 싸다 이영화 . 그냥 머리 비우다 멍하니 시간 을 때우다 싶다 아니다 추천 않다
test_42040,test,42040,"무조건 감싸고 지켜주는 것이 사랑이 아닌, 그의 앞길을 지켜봐주는 것도 사랑이란 것을! 부성애가 느껴지는 감동적인 애니메이션이었습니다",1,positive,1,positive,1,positive,TP,0.0044113341718912125,0.9955886602401733,0.9955886602401733,26,"무조건 감싸다 지키다 것 사랑 아니다 , 그 앞길 을 지켜보다 것 사랑 이란 것 을 ! 부 성 애가 느껴지다 감동 적 인 애니메이션 이다"
test_628,test,628,개쩐다는 말밖에 나오지 않는다.,1,positive,1,positive,1,positive,TP,0.09929461032152176,0.9007053971290588,0.9007053971290588,7,개 쩐다 말 밖에 나오다 않다 .
test_7347,test,7347,감동적이고 정말최고입니다.,1,positive,1,positive,1,positive,TP,0.0009002970182336867,0.9990997314453125,0.9990997314453125,7,감동 적 이고 정말 최고 이다 .
test_12160,test,12160,그지가틈...여자병맛짜증나미1치는줄별한개도아까어별느낌도없슴...,0,negative,0,negative,0,negative,TN,0.9996315240859985,0.00036846453440375626,0.9996315240859985,20,그 지 가다 틈 ... 여자 병맛 짜증 나미 1 치다 별 한개 도아 끄다 별 느낌 없다 슴 ...
test_33181,test,33181,정말 ..말로표현 못할 진한향수가 눈을 적시네요,1,positive,1,positive,1,positive,TP,0.03683679178357124,0.9631631970405579,0.9631631970405579,10,정말 .. 말로 표현 못 진하다 향수 눈 을 적다
test_1426,test,1426,광고영상에 나오는게 전부인 영화.,0,negative,0,negative,0,negative,TN,0.8485308289527893,0.1514691561460495,0.8485308289527893,7,광고 영상 나오다 전부 인 영화 .
test_33424,test,33424,난또 포스터보고 닌자 액션류인지알고 .. 이런것도 영화라함? 별영화를 다만드네 락매냐들만 보는그런건가..쩝,0,negative,0,negative,0,negative,TN,0.9795209765434265,0.020479025319218636,0.9795209765434265,27,난또 포스터 보고 닌자 액션 류 인지 알 고 .. 이런 것 영화 라 함 ? 별 영화 다만드 네 락매냐들 만 보다 그런 건가 .. 쩝
test_38004,test,38004,이영화는 극장에서 보는거와 집에서보는거랑 차이가 너무크다 한 백배정도,1,positive,0,negative,0,negative,FN,0.634016752243042,0.3659832179546356,0.634016752243042,13,이영화 극장 에서 보다 집 에서 보다 차이 너 무크 다 백배 정도
test_48409,test,48409,"우주의 황홀함, 지구의 고마움. IMAX 3D로 느끼다",1,positive,1,positive,1,positive,TP,0.29755789041519165,0.7024421095848083,0.7024421095848083,11,"우주 황홀하다 , 지구 고마움 . IMAX 3 D 로 느끼다"
test_14174,test,14174,재밌당 ㅎㅎ,1,positive,1,positive,1,positive,TP,0.013476395048201084,0.9865236878395081,0.9865236878395081,2,재밌다 ㅎㅎ
test_27140,test,27140,진짜 최고 무한 쌍권총 액션은 진짜 최고다 ㅎ,1,positive,1,positive,1,positive,TP,0.0003407566691748798,0.9996592998504639,0.9996592998504639,9,진짜 최고 무한 쌍 권총 액션 진짜 최고다 ㅎ
test_29736,test,29736,굳굳굳굳굳,1,positive,1,positive,1,positive,TP,1.8437282051309012e-05,0.9999815225601196,0.9999815225601196,5,굳다 굳다 굳다 굳다 굳다
test_14941,test,14941,짱이다!짱짱!너무재밌고멋지다!,1,positive,1,positive,1,positive,TP,4.312140299589373e-05,0.9999568462371826,0.9999568462371826,9,짱 이다 ! 짱짱 ! 너무 재밌다 멋지다 !
test_19341,test,19341,재밌게 본 공포영화중 하나~굿굿! 정말 보고나서 여운이 남는영화였음ㅋ,1,positive,1,positive,1,positive,TP,8.782248914940283e-05,0.9999121427536011,0.9999121427536011,15,재밌다 보다 공포영화 중 하나 ~ 굿굿 ! 정말 보다 여운 남다 영화 이다 ㅋ
test_16046,test,16046,최악이다 최악최악최악,0,negative,0,negative,0,negative,TN,0.9999997615814209,2.2150790357500227e-07,0.9999997615814209,5,최악 이다 최악 최악 최악
test_14112,test,14112,별반개도아깝다OO,0,negative,0,negative,0,negative,TN,0.9999105930328369,8.940157567849383e-05,0.9999105930328369,4,별 반개 아깝다 OO
test_39367,test,39367,최악 지루,0,negative,0,negative,0,negative,TN,0.9999096393585205,9.033360402099788e-05,0.9999096393585205,2,최악 지루
test_45299,test,45299,완전 꿀잼이네ㅋㅋㅋㅋ,0,negative,1,positive,1,positive,FP,0.003581124125048518,0.996418833732605,0.996418833732605,4,완전 꿀잼 이네 ㅋㅋㅋㅋ
test_43662,test,43662,"사람들 왈, 동물은 하늘나라에 갈 수 없다고들 생각하지만, 그들이 우리 인간보다 훨씬 먼저 하늘나라에서 살고 있을 수도 있다.",0,negative,1,positive,1,positive,FP,0.004886787850409746,0.9951131939888,0.9951131939888,25,"사람 왈 , 동물 하늘나라 갈다 수 없다 들다 생각 , 그 우리 인간 보다 훨씬 먼저 하늘나라 에서 살 고 있다 수도 있다 ."
test_44058,test,44058,90년대중반 게임을 즐겨본 나는 영화로 나왔을때 조금...... 재미있었다.,0,negative,1,positive,1,positive,FP,0.026681184768676758,0.973318874835968,0.973318874835968,14,90년 대중반 게임 을 즐기다 보다 나 영화로 나오다 때 조금 ...... 재미있다 .
test_6533,test,6533,이거 송어 찍은 감독 맞어? 정말 실망이다.,1,positive,0,negative,0,negative,FN,0.9979118704795837,0.0020881390664726496,0.9979118704795837,10,거 송어 찍다 감독 맞다 ? 정말 실망 이다 .
test_28966,test,28966,ㅋㅋㅋ 스파이크 강시브리시브테니스 테니스,1,positive,0,negative,0,negative,FN,0.9899752736091614,0.01002468541264534,0.9899752736091614,7,ㅋㅋㅋ 스파이크 강시 브리 시브 테니스 테니스
custom_1,custom,,이 영화 진짜 시간 가는 줄 모르고 봤어요,,,1,positive,1,positive,custom,0.238169863820076,0.7618301510810852,0.7618301510810852,7,영화 진짜 시간 가다 줄 모르다 보다
custom_2,custom,,완전 최악이고 시간이 아까웠다,,,0,negative,0,negative,custom,0.9998316764831543,0.0001682961155893281,0.9998316764831543,5,완전 최악 이고 시간 아깝다
custom_3,custom,,배우는 좋았지만 스토리는 너무 지루했다,,,0,negative,0,negative,custom,0.9968549013137817,0.003145118011161685,0.9968549013137817,5,배우다 좋다 스토리 너무 지루하다
custom_4,custom,,생각보다 지루하지 않고 감동적이었다,,,1,positive,1,positive,custom,0.027373405173420906,0.9726266264915466,0.9726266264915466,7,생각 보다 지루하다 않다 감동 적 이다
custom_5,custom,,재미는 있는데 결말이 별로였다,,,0,negative,0,negative,custom,0.9601187109947205,0.03988126665353775,0.9601187109947205,5,재미 있다 결말 별로 이다
